9	117623285	G	A	0.002537073	Joslin et al., 2021	Fine-mapping	Mature SGBS
9	15662039	G	A	0.793463868	Joslin et al., 2021	Fine-mapping	Mature SGBS
2	24927772	G	A	0.883895516	Joslin et al., 2021	Fine-mapping	Mature SGBS
7	75494283	A	C	0.001707452	Joslin et al., 2021	Fine-mapping	Mature SGBS
2	24936989	G	A	0.004262449	Joslin et al., 2021	Fine-mapping	Mature SGBS
10	103064630	A	G	0.698357176	Joslin et al., 2021	Fine-mapping	Mature SGBS
16	19908624	T	C	4.97e-05	Joslin et al., 2021	Fine-mapping	Mature SGBS
18	23514243	C	T	7.21e-06	Joslin et al., 2021	Fine-mapping	Mature SGBS
6	162589583	G	A	0.72162064	Joslin et al., 2021	Fine-mapping	Mature SGBS
19	45690093	G	A	5.81e-05	Joslin et al., 2021	Fine-mapping	Mature SGBS
16	28859641	A	G	1.23e-08	Joslin et al., 2021	Fine-mapping	Mature SGBS
18	23566121	C	T	0.001516462	Joslin et al., 2021	Fine-mapping	Mature SGBS
17	80627395	T	C	0.720560474	Joslin et al., 2021	Fine-mapping	Mature SGBS
19	18356588	C	A	1.23e-08	Joslin et al., 2021	Fine-mapping	Mature SGBS
6	162583989	A	G	0.000356722	Joslin et al., 2021	Fine-mapping	Mature SGBS
6	162584010	G	A	3.3e-09	Joslin et al., 2021	Fine-mapping	Mature SGBS
3	141515738	G	A	0.793463868	Joslin et al., 2021	Fine-mapping	Mature SGBS
6	162583970	C	T	0.000356722	Joslin et al., 2021	Fine-mapping	Mature SGBS
16	49045781	C	G	0.062530049	Joslin et al., 2021	Fine-mapping	Mature SGBS
9	15662789	C	A	0.015552459	Joslin et al., 2021	Fine-mapping	Mature SGBS
16	28338081	G	A	0.464502553	Joslin et al., 2021	Fine-mapping	Mature SGBS
7	76950069	A	G	0.001516462	Joslin et al., 2021	Fine-mapping	Mature SGBS
2	24938517	T	C	0.014517687	Joslin et al., 2021	Fine-mapping	Mature SGBS
3	141574421	C	A	0.037405965	Joslin et al., 2021	Fine-mapping	Mature SGBS
16	28853352	C	T	0.546304236	Joslin et al., 2021	Fine-mapping	Mature SGBS
19	18351898	A	G	0.02188952	Joslin et al., 2021	Fine-mapping	Mature SGBS
20	52474294	C	T	3.3e-09	Joslin et al., 2021	Fine-mapping	Mature SGBS
20	52474288	T	C	3.3e-09	Joslin et al., 2021	Fine-mapping	Mature SGBS
20	52474342	G	A	5.18e-05	Joslin et al., 2021	Fine-mapping	Mature SGBS
20	52478616	C	G	1.23e-08	Joslin et al., 2021	Fine-mapping	Mature SGBS
16	53788325	G	A	0.072073157	Joslin et al., 2021	Fine-mapping	Mature SGBS
16	53788327	G	A	0.168523547	Joslin et al., 2021	Fine-mapping	Mature SGBS
11	43846493	G	A	0.089590119	Joslin et al., 2021	Fine-mapping	Mature SGBS
5	75714177	C	T	1.02e-08	Joslin et al., 2021	Fine-mapping	Mature SGBS
16	28908020	A	G	1.71e-06	Joslin et al., 2021	Fine-mapping	Mature SGBS
19	47082260	G	C	0.002537073	Joslin et al., 2021	Fine-mapping	Mature SGBS
3	141547495	G	A	0.500683618	Joslin et al., 2021	Fine-mapping	Mature SGBS
7	75518475	C	T	0.104151869	Joslin et al., 2021	Fine-mapping	Mature SGBS
16	53786901	G	A	0.273957241	Joslin et al., 2021	Fine-mapping	Mature SGBS
16	28850413	C	A	1.99e-08	Joslin et al., 2021	Fine-mapping	Mature SGBS
