chrom	pos	ref	alt	pval	author	study_type	cell_line	pval_for
1	24705442	T	C	1.81384e-05	"Weiss et al., 2021"	Evolution	NPC	no
1	42228426	T	C	0.003105475	"Weiss et al., 2021"	Evolution	NPC	no
1	53677799	G	A	2.6e-08	"Weiss et al., 2021"	Evolution	NPC	no
1	96092504	T	A	0.000711108	"Weiss et al., 2021"	Evolution	NPC	no
1	107523829	C	A	0.00464688	"Weiss et al., 2021"	Evolution	NPC	no
1	116168580	T	C	0.000802572	"Weiss et al., 2021"	Evolution	NPC	no
1	173222936	C	T	6.19475e-05	"Weiss et al., 2021"	Evolution	NPC	no
1	201955366	A	G	0.001839631	"Weiss et al., 2021"	Evolution	NPC	no
1	203646238	C	G	0.011753899	"Weiss et al., 2021"	Evolution	NPC	no
1	245341824	T	C	0.000493304	"Weiss et al., 2021"	Evolution	NPC	no
10	13660198	G	C	1.3009e-09	"Weiss et al., 2021"	Evolution	NPC	no
10	100874051	C	T	5.35429e-05	"Weiss et al., 2021"	Evolution	NPC	no
10	104353742	G	C	0.003164768	"Weiss et al., 2021"	Evolution	NPC	no
10	106565671	C	T	1.87489e-12	"Weiss et al., 2021"	Evolution	NPC	no
10	116947970	G	C	6.02814e-12	"Weiss et al., 2021"	Evolution	NPC	no
11	28581856	C	T	0.000235131	"Weiss et al., 2021"	Evolution	NPC	no
11	61632262	G	A	0.010365465	"Weiss et al., 2021"	Evolution	NPC	no
11	65425277	A	G	7.19885e-05	"Weiss et al., 2021"	Evolution	NPC	no
11	70829626	C	G	0.0009957	"Weiss et al., 2021"	Evolution	NPC	no
12	1631200	T	C	2.15736e-12	"Weiss et al., 2021"	Evolution	NPC	no
12	2453628	T	G	4.91801e-09	"Weiss et al., 2021"	Evolution	NPC	no
12	112375359	T	C	0.003932006	"Weiss et al., 2021"	Evolution	NPC	no
12	124192782	G	C	0.000526724	"Weiss et al., 2021"	Evolution	NPC	no
13	51583980	C	A	1.25588e-20	"Weiss et al., 2021"	Evolution	NPC	no
14	23548850	C	G	1.05597e-21	"Weiss et al., 2021"	Evolution	NPC	no
14	52124923	T	A	2.57859e-05	"Weiss et al., 2021"	Evolution	NPC	no
14	94917141	C	G	0.000668784	"Weiss et al., 2021"	Evolution	NPC	no
15	47299930	T	A	0.001023786	"Weiss et al., 2021"	Evolution	NPC	no
15	60374691	C	A	0.010369127	"Weiss et al., 2021"	Evolution	NPC	no
15	67322803	C	A	6.84957e-05	"Weiss et al., 2021"	Evolution	NPC	no
15	90168433	T	C	4.31263e-43	"Weiss et al., 2021"	Evolution	NPC	no
16	2009865	G	C	3.11029e-06	"Weiss et al., 2021"	Evolution	NPC	no
16	14370327	A	G	0.00081956	"Weiss et al., 2021"	Evolution	NPC	no
16	19232071	A	G	1.6655e-17	"Weiss et al., 2021"	Evolution	NPC	no
16	19863821	G	C	0.002191414	"Weiss et al., 2021"	Evolution	NPC	no
16	27213126	C	T	1.03522e-07	"Weiss et al., 2021"	Evolution	NPC	no
16	27217312	C	T	5.04597e-09	"Weiss et al., 2021"	Evolution	NPC	no
16	74988427	T	G	0.004123444	"Weiss et al., 2021"	Evolution	NPC	no
16	84643375	C	G	5.74849e-06	"Weiss et al., 2021"	Evolution	NPC	no
16	89045137	C	G	3.3771e-44	"Weiss et al., 2021"	Evolution	NPC	no
17	796720	T	C	1.4766e-14	"Weiss et al., 2021"	Evolution	NPC	no
17	3810599	G	A	1.40568e-10	"Weiss et al., 2021"	Evolution	NPC	no
17	18259822	A	G	4.48985e-06	"Weiss et al., 2021"	Evolution	NPC	no
17	28586006	A	G	1.47992e-07	"Weiss et al., 2021"	Evolution	NPC	no
17	28715329	G	A	3.09246e-20	"Weiss et al., 2021"	Evolution	NPC	no
17	29115543	G	A	1.03239e-21	"Weiss et al., 2021"	Evolution	NPC	no
17	29625085	G	C	0.000377587	"Weiss et al., 2021"	Evolution	NPC	no
17	30309871	G	A	2.09874e-06	"Weiss et al., 2021"	Evolution	NPC	no
17	47153775	T	A	2.66566e-10	"Weiss et al., 2021"	Evolution	NPC	no
17	49646818	C	T	0.006743266	"Weiss et al., 2021"	Evolution	NPC	no
17	50121810	G	C	2.11694e-11	"Weiss et al., 2021"	Evolution	NPC	no
17	63428420	G	C	0.006381394	"Weiss et al., 2021"	Evolution	NPC	no
17	64006857	G	C	0.008131925	"Weiss et al., 2021"	Evolution	NPC	no
18	3265555	C	T	0.007719382	"Weiss et al., 2021"	Evolution	NPC	no
18	48830058	T	C	3.31622e-06	"Weiss et al., 2021"	Evolution	NPC	no
18	72833624	C	T	1.36445e-16	"Weiss et al., 2021"	Evolution	NPC	no
18	72833727	C	T	0.002845333	"Weiss et al., 2021"	Evolution	NPC	no
19	53907322	C	T	6.2765e-08	"Weiss et al., 2021"	Evolution	NPC	no
2	18611207	C	T	4.08091e-07	"Weiss et al., 2021"	Evolution	NPC	no
2	63055401	G	A	0.000587804	"Weiss et al., 2021"	Evolution	NPC	no
2	71452810	A	G	1.19047e-26	"Weiss et al., 2021"	Evolution	NPC	no
2	85662516	A	G	7.25973e-43	"Weiss et al., 2021"	Evolution	NPC	no
2	96556946	T	C	0.001258705	"Weiss et al., 2021"	Evolution	NPC	no
2	96557077	T	C	1.80622e-07	"Weiss et al., 2021"	Evolution	NPC	no
2	127672629	C	G	2.51324e-07	"Weiss et al., 2021"	Evolution	NPC	no
2	175557798	G	C	1.30097e-33	"Weiss et al., 2021"	Evolution	NPC	no
2	199469203	C	T	7.19199e-10	"Weiss et al., 2021"	Evolution	NPC	no
2	203099682	A	C	0.001697071	"Weiss et al., 2021"	Evolution	NPC	no
20	6533453	G	A	6.51859e-06	"Weiss et al., 2021"	Evolution	NPC	no
20	24952978	A	G	0.002374626	"Weiss et al., 2021"	Evolution	NPC	no
20	45178959	G	A	0.002080959	"Weiss et al., 2021"	Evolution	NPC	no
20	51427474	C	T	4.71465e-22	"Weiss et al., 2021"	Evolution	NPC	no
20	64217688	A	C	0.003289885	"Weiss et al., 2021"	Evolution	NPC	no
21	16397379	G	A	3.58216e-06	"Weiss et al., 2021"	Evolution	NPC	no
22	19144111	G	C	3.78144e-07	"Weiss et al., 2021"	Evolution	NPC	no
22	40364974	C	T	0.000304299	"Weiss et al., 2021"	Evolution	NPC	no
22	44489915	A	G	0.011409202	"Weiss et al., 2021"	Evolution	NPC	no
3	10729288	A	G	0.000526595	"Weiss et al., 2021"	Evolution	NPC	no
3	10992737	T	A	9.23715e-20	"Weiss et al., 2021"	Evolution	NPC	no
3	17140904	G	T	0.000574157	"Weiss et al., 2021"	Evolution	NPC	no
3	38021999	G	A	3.54692e-17	"Weiss et al., 2021"	Evolution	NPC	no
3	38029033	C	G	0.001588581	"Weiss et al., 2021"	Evolution	NPC	no
3	39718923	C	T	0.001628837	"Weiss et al., 2021"	Evolution	NPC	no
3	43523157	T	C	0.000333816	"Weiss et al., 2021"	Evolution	NPC	no
3	51740650	C	T	0.000560745	"Weiss et al., 2021"	Evolution	NPC	no
3	85721081	G	A	4.71869e-05	"Weiss et al., 2021"	Evolution	NPC	no
3	194672489	C	G	8.16975e-11	"Weiss et al., 2021"	Evolution	NPC	no
4	79437967	A	G	0.009995218	"Weiss et al., 2021"	Evolution	NPC	no
4	89664725	A	G	8.2547e-18	"Weiss et al., 2021"	Evolution	NPC	no
4	141080577	A	G	0.008320972	"Weiss et al., 2021"	Evolution	NPC	no
5	33697582	T	C	0.003170304	"Weiss et al., 2021"	Evolution	NPC	no
5	82551386	A	C	0.012161664	"Weiss et al., 2021"	Evolution	NPC	no
5	107466429	T	C	3.04947e-05	"Weiss et al., 2021"	Evolution	NPC	no
5	177336314	G	A	0.012206897	"Weiss et al., 2021"	Evolution	NPC	no
5	178075514	C	T	0.000956118	"Weiss et al., 2021"	Evolution	NPC	no
6	7585530	C	A	9.87504e-08	"Weiss et al., 2021"	Evolution	NPC	no
6	63544258	A	C	2.92883e-06	"Weiss et al., 2021"	Evolution	NPC	no
6	85524430	A	G	0.001421829	"Weiss et al., 2021"	Evolution	NPC	no
6	112234035	T	G	4.67222e-12	"Weiss et al., 2021"	Evolution	NPC	no
6	122082810	C	A	1.83741e-05	"Weiss et al., 2021"	Evolution	NPC	no
6	149543610	T	C	0.004964745	"Weiss et al., 2021"	Evolution	NPC	no
6	158057698	C	A	2.70572e-05	"Weiss et al., 2021"	Evolution	NPC	no
6	164024825	A	G	0.007168243	"Weiss et al., 2021"	Evolution	NPC	no
7	22007430	C	G	0.000894854	"Weiss et al., 2021"	Evolution	NPC	no
7	25224288	A	C	1.52749e-13	"Weiss et al., 2021"	Evolution	NPC	no
7	48755317	C	T	0.000181844	"Weiss et al., 2021"	Evolution	NPC	no
7	74612520	A	G	0.006459983	"Weiss et al., 2021"	Evolution	NPC	no
7	92357475	C	G	2.58937e-06	"Weiss et al., 2021"	Evolution	NPC	no
7	115231387	A	C	0.006351005	"Weiss et al., 2021"	Evolution	NPC	no
7	123232155	C	G	3.5946e-06	"Weiss et al., 2021"	Evolution	NPC	no
7	151415840	G	A	0.010214305	"Weiss et al., 2021"	Evolution	NPC	no
8	6767516	G	C	1.3363e-05	"Weiss et al., 2021"	Evolution	NPC	no
8	9087976	C	A	1.00012e-17	"Weiss et al., 2021"	Evolution	NPC	no
8	33151579	C	T	5.41617e-07	"Weiss et al., 2021"	Evolution	NPC	no
8	33153037	G	A	0.00019246	"Weiss et al., 2021"	Evolution	NPC	no
8	33182587	A	G	1.709e-06	"Weiss et al., 2021"	Evolution	NPC	no
8	53672462	A	G	0.000114174	"Weiss et al., 2021"	Evolution	NPC	no
8	53675144	G	A	5.53282e-05	"Weiss et al., 2021"	Evolution	NPC	no
8	117047012	C	T	2.04636e-05	"Weiss et al., 2021"	Evolution	NPC	no
8	123187061	T	A	0.011408861	"Weiss et al., 2021"	Evolution	NPC	no
8	139048763	A	G	0.000157561	"Weiss et al., 2021"	Evolution	NPC	no
9	7088108	A	C	5.96355e-11	"Weiss et al., 2021"	Evolution	NPC	no
9	7799957	G	T	0.009347643	"Weiss et al., 2021"	Evolution	NPC	no
9	71775216	A	G	0.002122864	"Weiss et al., 2021"	Evolution	NPC	no
9	124157587	A	G	0.003798446	"Weiss et al., 2021"	Evolution	NPC	no
9	124215913	T	C	0.003052168	"Weiss et al., 2021"	Evolution	NPC	no
9	129170376	G	T	0.000949258	"Weiss et al., 2021"	Evolution	NPC	no
9	129185305	T	C	8.4401e-64	"Weiss et al., 2021"	Evolution	NPC	no
9	130275100	C	G	4.91093e-05	"Weiss et al., 2021"	Evolution	NPC	no
9	135747671	G	A	1.67316e-10	"Weiss et al., 2021"	Evolution	NPC	no
9	136258123	G	A	7.48987e-70	"Weiss et al., 2021"	Evolution	NPC	no
X	2579776	C	T	0.002296047	"Weiss et al., 2021"	Evolution	NPC	no
X	51849189	C	G	1.00632e-05	"Weiss et al., 2021"	Evolution	NPC	no
X	67358161	C	G	0.00836125	"Weiss et al., 2021"	Evolution	NPC	no
X	69062717	T	C	1.84743e-15	"Weiss et al., 2021"	Evolution	NPC	no
X	71182072	G	A	4.67921e-09	"Weiss et al., 2021"	Evolution	NPC	no
X	83333937	T	C	0.010329271	"Weiss et al., 2021"	Evolution	NPC	no
X	105564701	G	A	0.000695754	"Weiss et al., 2021"	Evolution	NPC	no
X	111319202	T	C	8.53325e-20	"Weiss et al., 2021"	Evolution	NPC	no