5	95891803	T	C	0.618	Ajore et al., 2022	Fine-mapping	MOLP8
5	95905518	T	C	0.597	Ajore et al., 2022	Fine-mapping	MOLP8
5	95906164	T	C	0.659	Ajore et al., 2022	Fine-mapping	MOLP8
7	124988669	C	G	0.316	Ajore et al., 2022	Fine-mapping	MOLP8
7	124803550	G	A	0.405	Ajore et al., 2022	Fine-mapping	MOLP8
7	124896859	C	A	0.975	Ajore et al., 2022	Fine-mapping	MOLP8
7	124881376	C	A	0.271	Ajore et al., 2022	Fine-mapping	MOLP8
7	124809841	A	G	0.698	Ajore et al., 2022	Fine-mapping	MOLP8
7	124785344	A	C	0.796	Ajore et al., 2022	Fine-mapping	MOLP8
7	81801096	G	A	0.754	Ajore et al., 2022	Fine-mapping	MOLP8
7	151235958	C	T	0.271	Ajore et al., 2022	Fine-mapping	MOLP8
7	124916605	A	G	0.975	Ajore et al., 2022	Fine-mapping	MOLP8
7	124872996	A	G	0.496	Ajore et al., 2022	Fine-mapping	MOLP8
7	124813204	A	G	0.841	Ajore et al., 2022	Fine-mapping	MOLP8
7	124827416	T	C	0.59	Ajore et al., 2022	Fine-mapping	MOLP8
7	124854807	A	G	0.896	Ajore et al., 2022	Fine-mapping	MOLP8
7	81818869	A	G	0.754	Ajore et al., 2022	Fine-mapping	MOLP8
7	124903155	C	T	0.977	Ajore et al., 2022	Fine-mapping	MOLP8
7	81805617	T	C	0.828	Ajore et al., 2022	Fine-mapping	MOLP8
7	81805898	A	G	0.892	Ajore et al., 2022	Fine-mapping	MOLP8
7	81801333	C	T	0.865	Ajore et al., 2022	Fine-mapping	MOLP8
7	124846359	C	A	0.931	Ajore et al., 2022	Fine-mapping	MOLP8
7	124811460	G	A	0.975	Ajore et al., 2022	Fine-mapping	MOLP8
7	81792996	A	G	0.988	Ajore et al., 2022	Fine-mapping	MOLP8
7	124909519	T	C	0.609	Ajore et al., 2022	Fine-mapping	MOLP8
7	81793046	G	A	0.979	Ajore et al., 2022	Fine-mapping	MOLP8
7	124783634	A	G	0.4	Ajore et al., 2022	Fine-mapping	MOLP8
7	124987255	C	T	0.36	Ajore et al., 2022	Fine-mapping	MOLP8
19	16332412	T	C	0.268	Ajore et al., 2022	Fine-mapping	MOLP8
5	95885633	C	T	0.975	Ajore et al., 2022	Fine-mapping	MOLP8
7	124880254	G	A	0.345	Ajore et al., 2022	Fine-mapping	MOLP8
5	123346140	C	T	0.931	Ajore et al., 2022	Fine-mapping	MOLP8
6	106274291	A	C	0.417	Ajore et al., 2022	Fine-mapping	MOLP8
7	81793109	T	C	0.374	Ajore et al., 2022	Fine-mapping	MOLP8
7	81834070	G	C	0.916	Ajore et al., 2022	Fine-mapping	MOLP8
6	410417	A	G	0.895	Ajore et al., 2022	Fine-mapping	MOLP8
22	35264882	G	T	0.833	Ajore et al., 2022	Fine-mapping	MOLP8
5	95900044	G	C	0.0543	Ajore et al., 2022	Fine-mapping	MOLP8
5	95899923	T	C	0.304	Ajore et al., 2022	Fine-mapping	MOLP8
20	48713872	A	AG	0.23	Ajore et al., 2022	Fine-mapping	MOLP8
9	21953138	G	A	0.997	Ajore et al., 2022	Fine-mapping	MOLP8
5	123398009	T	C	0.585	Ajore et al., 2022	Fine-mapping	MOLP8
3	169774313	C	T	0.906	Ajore et al., 2022	Fine-mapping	MOLP8
3	169796797	A	T	0.173	Ajore et al., 2022	Fine-mapping	MOLP8
3	169810661	C	T	0.767	Ajore et al., 2022	Fine-mapping	MOLP8
7	125032199	C	A	0.543	Ajore et al., 2022	Fine-mapping	MOLP8
10	28644205	G	A	0.841	Ajore et al., 2022	Fine-mapping	MOLP8
22	35262029	G	A	0.986	Ajore et al., 2022	Fine-mapping	MOLP8
19	16327850	T	A	0.142	Ajore et al., 2022	Fine-mapping	MOLP8
22	35289081	A	G	0.887	Ajore et al., 2022	Fine-mapping	MOLP8
22	35289096	C	T	0.991	Ajore et al., 2022	Fine-mapping	MOLP8
5	95886573	C	T	0.137	Ajore et al., 2022	Fine-mapping	MOLP8
5	95886807	T	C	0.25	Ajore et al., 2022	Fine-mapping	MOLP8
7	81827369	A	G	0.783	Ajore et al., 2022	Fine-mapping	MOLP8
7	151234719	G	A	0.975	Ajore et al., 2022	Fine-mapping	MOLP8
7	151216659	G	A	0.752	Ajore et al., 2022	Fine-mapping	MOLP8
7	124984503	G	C	0.662	Ajore et al., 2022	Fine-mapping	MOLP8
16	30815615	C	T	0.991	Ajore et al., 2022	Fine-mapping	MOLP8
7	151217985	G	A	0.135	Ajore et al., 2022	Fine-mapping	MOLP8
7	151257476	G	A	0.714	Ajore et al., 2022	Fine-mapping	MOLP8
5	123329788	C	T	0.882	Ajore et al., 2022	Fine-mapping	MOLP8
5	123342502	G	A	0.625	Ajore et al., 2022	Fine-mapping	MOLP8
5	123342614	G	T	0.954	Ajore et al., 2022	Fine-mapping	MOLP8
5	123342854	T	G	0.785	Ajore et al., 2022	Fine-mapping	MOLP8
5	123356386	C	T	0.906	Ajore et al., 2022	Fine-mapping	MOLP8
5	123392125	T	C	0.522	Ajore et al., 2022	Fine-mapping	MOLP8
5	123392234	G	A	0.916	Ajore et al., 2022	Fine-mapping	MOLP8
5	123405717	T	C	3e-05	Ajore et al., 2022	Fine-mapping	MOLP8
5	123424168	T	C	0.296	Ajore et al., 2022	Fine-mapping	MOLP8
2	173938248	G	A	0.12	Ajore et al., 2022	Fine-mapping	MOLP8
22	35314224	A	G	0.974	Ajore et al., 2022	Fine-mapping	MOLP8
7	124834233	A	G	0.714	Ajore et al., 2022	Fine-mapping	MOLP8
7	81824886	G	A	0.975	Ajore et al., 2022	Fine-mapping	MOLP8
7	124878118	G	C	0.522	Ajore et al., 2022	Fine-mapping	MOLP8
7	151245263	T	C	0.986	Ajore et al., 2022	Fine-mapping	MOLP8
7	124787463	T	TG	0.37	Ajore et al., 2022	Fine-mapping	MOLP8
7	151229168	A	G	0.762	Ajore et al., 2022	Fine-mapping	MOLP8
7	124787281	G	A	0.975	Ajore et al., 2022	Fine-mapping	MOLP8
2	173934003	G	A	0.451	Ajore et al., 2022	Fine-mapping	MOLP8
6	15273302	G	T	0.932	Ajore et al., 2022	Fine-mapping	MOLP8
15	89555523	C	G	0.878	Ajore et al., 2022	Fine-mapping	MOLP8
16	30861150	T	C	0.699	Ajore et al., 2022	Fine-mapping	MOLP8
20	48720429	C	A	0.841	Ajore et al., 2022	Fine-mapping	MOLP8
3	169806228	C	T	0	Ajore et al., 2022	Fine-mapping	MOLP8
5	95902076	C	A	0.81	Ajore et al., 2022	Fine-mapping	MOLP8
5	95902878	C	G	0.966	Ajore et al., 2022	Fine-mapping	MOLP8
5	95905292	C	T	0.785	Ajore et al., 2022	Fine-mapping	MOLP8
5	95905423	C	T	0.509	Ajore et al., 2022	Fine-mapping	MOLP8
5	95905161	A	T	0.814	Ajore et al., 2022	Fine-mapping	MOLP8
6	106271184	G	A	0.714	Ajore et al., 2022	Fine-mapping	MOLP8
16	30745953	G	A	0.522	Ajore et al., 2022	Fine-mapping	MOLP8
17	16937297	C	G	0.754	Ajore et al., 2022	Fine-mapping	MOLP8
5	123406052	C	T	0.795	Ajore et al., 2022	Fine-mapping	MOLP8
5	123406852	G	A	0.895	Ajore et al., 2022	Fine-mapping	MOLP8
5	123382350	G	T	0.932	Ajore et al., 2022	Fine-mapping	MOLP8
5	123405650	T	C	0.37	Ajore et al., 2022	Fine-mapping	MOLP8
5	123422024	C	T	0.296	Ajore et al., 2022	Fine-mapping	MOLP8
5	123322164	T	C	0.932	Ajore et al., 2022	Fine-mapping	MOLP8
5	123402585	C	G	0.36	Ajore et al., 2022	Fine-mapping	MOLP8
5	123402628	G	A	0.58	Ajore et al., 2022	Fine-mapping	MOLP8
5	123400998	T	G	0.0117	Ajore et al., 2022	Fine-mapping	MOLP8
8	127207057	T	C	0.665	Ajore et al., 2022	Fine-mapping	MOLP8
7	124857981	G	A	0.548	Ajore et al., 2022	Fine-mapping	MOLP8
5	123413914	C	G	0.906	Ajore et al., 2022	Fine-mapping	MOLP8
5	123325286	C	T	0.758	Ajore et al., 2022	Fine-mapping	MOLP8
22	39153421	T	G	0.403	Ajore et al., 2022	Fine-mapping	MOLP8
22	35271493	G	A	0.895	Ajore et al., 2022	Fine-mapping	MOLP8
5	123345585	T	G	0.956	Ajore et al., 2022	Fine-mapping	MOLP8
2	25553092	C	T	0.0543	Ajore et al., 2022	Fine-mapping	MOLP8
3	169762416	A	G	0.992	Ajore et al., 2022	Fine-mapping	MOLP8
3	169769649	G	A	0.785	Ajore et al., 2022	Fine-mapping	MOLP8
3	169759718	A	G	0.953	Ajore et al., 2022	Fine-mapping	MOLP8
10	28622374	T	C	0.758	Ajore et al., 2022	Fine-mapping	MOLP8
10	28623294	C	T	0.974	Ajore et al., 2022	Fine-mapping	MOLP8
10	28623921	C	G	0.767	Ajore et al., 2022	Fine-mapping	MOLP8
10	28652932	C	T	0.451	Ajore et al., 2022	Fine-mapping	MOLP8
10	28630712	C	T	0.553	Ajore et al., 2022	Fine-mapping	MOLP8
10	28631772	A	T	0.269	Ajore et al., 2022	Fine-mapping	MOLP8
10	28636088	T	C	0.974	Ajore et al., 2022	Fine-mapping	MOLP8
10	28637320	G	A	0.701	Ajore et al., 2022	Fine-mapping	MOLP8
10	28640168	A	G	0.56	Ajore et al., 2022	Fine-mapping	MOLP8
10	28640757	G	A	0.931	Ajore et al., 2022	Fine-mapping	MOLP8
5	123397701	G	C	0.8	Ajore et al., 2022	Fine-mapping	MOLP8
3	169763483	C	G	0.458	Ajore et al., 2022	Fine-mapping	MOLP8
7	81795155	T	C	0.932	Ajore et al., 2022	Fine-mapping	MOLP8
7	81812008	G	A	0.796	Ajore et al., 2022	Fine-mapping	MOLP8
7	81814284	G	A	0.975	Ajore et al., 2022	Fine-mapping	MOLP8
7	81823020	G	A	0.135	Ajore et al., 2022	Fine-mapping	MOLP8
7	81845739	T	G	0.699	Ajore et al., 2022	Fine-mapping	MOLP8
16	74607744	A	C	0.626	Ajore et al., 2022	Fine-mapping	MOLP8
16	74626276	G	A	0.974	Ajore et al., 2022	Fine-mapping	MOLP8
3	169790484	A	G	0.732	Ajore et al., 2022	Fine-mapping	MOLP8
5	123383988	T	A	0.92	Ajore et al., 2022	Fine-mapping	MOLP8
5	123387570	G	T	0.156	Ajore et al., 2022	Fine-mapping	MOLP8
5	123396356	T	G	0.749	Ajore et al., 2022	Fine-mapping	MOLP8
5	123385229	T	A	0.428	Ajore et al., 2022	Fine-mapping	MOLP8
3	169779797	A	G	0.161	Ajore et al., 2022	Fine-mapping	MOLP8
5	123340214	T	C	0.405	Ajore et al., 2022	Fine-mapping	MOLP8
5	123389563	C	T	0.597	Ajore et al., 2022	Fine-mapping	MOLP8
5	123384326	G	A	0.938	Ajore et al., 2022	Fine-mapping	MOLP8
5	123385692	C	T	0.916	Ajore et al., 2022	Fine-mapping	MOLP8
5	123398311	G	T	0.75	Ajore et al., 2022	Fine-mapping	MOLP8
6	15282103	C	T	0.18	Ajore et al., 2022	Fine-mapping	MOLP8
6	15240210	A	G	0.000776	Ajore et al., 2022	Fine-mapping	MOLP8
6	106183905	C	T	0.946	Ajore et al., 2022	Fine-mapping	MOLP8
7	81790750	T	C	0.814	Ajore et al., 2022	Fine-mapping	MOLP8
7	81831687	G	A	0.531	Ajore et al., 2022	Fine-mapping	MOLP8
16	30689537	T	C	0.296	Ajore et al., 2022	Fine-mapping	MOLP8
5	95914569	A	T	0.698	Ajore et al., 2022	Fine-mapping	MOLP8
5	95914774	T	G	0.714	Ajore et al., 2022	Fine-mapping	MOLP8
11	69642525	C	T	0.937	Ajore et al., 2022	Fine-mapping	MOLP8
8	127201562	T	C	0.926	Ajore et al., 2022	Fine-mapping	MOLP8
7	124998147	A	T	0.739	Ajore et al., 2022	Fine-mapping	MOLP8
22	35297751	G	C	0.732	Ajore et al., 2022	Fine-mapping	MOLP8
22	35298302	A	G	0.701	Ajore et al., 2022	Fine-mapping	MOLP8
22	35300084	G	C	0.255	Ajore et al., 2022	Fine-mapping	MOLP8
22	35300905	AC	A	0.423	Ajore et al., 2022	Fine-mapping	MOLP8
22	35302358	T	G	0.895	Ajore et al., 2022	Fine-mapping	MOLP8
22	35302498	G	A	0.865	Ajore et al., 2022	Fine-mapping	MOLP8
22	35303589	C	T	0.522	Ajore et al., 2022	Fine-mapping	MOLP8
22	35303670	G	A	0.586	Ajore et al., 2022	Fine-mapping	MOLP8
22	35303766	G	A	0.953	Ajore et al., 2022	Fine-mapping	MOLP8
22	35303772	G	A	0.785	Ajore et al., 2022	Fine-mapping	MOLP8
22	35303890	C	T	0.975	Ajore et al., 2022	Fine-mapping	MOLP8
22	35304262	A	G	0.693	Ajore et al., 2022	Fine-mapping	MOLP8
22	35304474	G	A	0.313	Ajore et al., 2022	Fine-mapping	MOLP8
22	35304495	A	C	0.306	Ajore et al., 2022	Fine-mapping	MOLP8
22	35304526	G	T	0.814	Ajore et al., 2022	Fine-mapping	MOLP8
22	35304774	G	A	0.749	Ajore et al., 2022	Fine-mapping	MOLP8
22	35304811	A	T	0.823	Ajore et al., 2022	Fine-mapping	MOLP8
22	35305230	G	A	0.903	Ajore et al., 2022	Fine-mapping	MOLP8
22	35305433	G	A	0.319	Ajore et al., 2022	Fine-mapping	MOLP8
22	35305580	A	G	0.952	Ajore et al., 2022	Fine-mapping	MOLP8
22	35305616	C	T	0.921	Ajore et al., 2022	Fine-mapping	MOLP8
22	35305730	G	A	0.263	Ajore et al., 2022	Fine-mapping	MOLP8
22	35306181	A	T	0.659	Ajore et al., 2022	Fine-mapping	MOLP8
22	35307135	T	C	0.986	Ajore et al., 2022	Fine-mapping	MOLP8
22	35307288	A	G	0.762	Ajore et al., 2022	Fine-mapping	MOLP8
22	35307373	T	C	0.863	Ajore et al., 2022	Fine-mapping	MOLP8
22	35308228	G	C	0.879	Ajore et al., 2022	Fine-mapping	MOLP8
22	35309949	G	C	0.931	Ajore et al., 2022	Fine-mapping	MOLP8
22	35312806	G	A	0.722	Ajore et al., 2022	Fine-mapping	MOLP8
22	35313072	G	A	0.704	Ajore et al., 2022	Fine-mapping	MOLP8
22	35316139	C	T	0.36	Ajore et al., 2022	Fine-mapping	MOLP8
22	35316184	C	T	0.975	Ajore et al., 2022	Fine-mapping	MOLP8
22	35316621	C	T	0.991	Ajore et al., 2022	Fine-mapping	MOLP8
22	39126660	G	A	0.56	Ajore et al., 2022	Fine-mapping	MOLP8
22	39130291	T	C	0.986	Ajore et al., 2022	Fine-mapping	MOLP8
22	39131904	G	A	0.4	Ajore et al., 2022	Fine-mapping	MOLP8
22	39131930	C	T	0.699	Ajore et al., 2022	Fine-mapping	MOLP8
22	39134127	C	A	0.991	Ajore et al., 2022	Fine-mapping	MOLP8
22	39134854	T	C	0.445	Ajore et al., 2022	Fine-mapping	MOLP8
22	39135080	G	A	0.556	Ajore et al., 2022	Fine-mapping	MOLP8
22	39135727	C	G	0.205	Ajore et al., 2022	Fine-mapping	MOLP8
22	39135950	T	C	0.43	Ajore et al., 2022	Fine-mapping	MOLP8
22	39136848	A	G	0.531	Ajore et al., 2022	Fine-mapping	MOLP8
22	39140567	G	GA	0.946	Ajore et al., 2022	Fine-mapping	MOLP8
22	39141927	T	C	0.656	Ajore et al., 2022	Fine-mapping	MOLP8
22	39142209	A	C	0.772	Ajore et al., 2022	Fine-mapping	MOLP8
22	39142428	T	C	0.113	Ajore et al., 2022	Fine-mapping	MOLP8
22	39142480	G	T	0.727	Ajore et al., 2022	Fine-mapping	MOLP8
22	39147366	T	C	0.403	Ajore et al., 2022	Fine-mapping	MOLP8
22	39148965	C	G	0.701	Ajore et al., 2022	Fine-mapping	MOLP8
22	39149391	C	T	0.732	Ajore et al., 2022	Fine-mapping	MOLP8
22	39150069	C	G	0.749	Ajore et al., 2022	Fine-mapping	MOLP8
22	39150140	T	C	0.938	Ajore et al., 2022	Fine-mapping	MOLP8
22	39151016	G	A	0.361	Ajore et al., 2022	Fine-mapping	MOLP8
22	39151196	G	A	0.749	Ajore et al., 2022	Fine-mapping	MOLP8
22	39153521	C	A	0.36	Ajore et al., 2022	Fine-mapping	MOLP8
22	39155793	T	C	0.5	Ajore et al., 2022	Fine-mapping	MOLP8
22	39156070	G	A	0.23	Ajore et al., 2022	Fine-mapping	MOLP8
22	39156504	T	C	0.56	Ajore et al., 2022	Fine-mapping	MOLP8
22	39156592	A	G	0.585	Ajore et al., 2022	Fine-mapping	MOLP8
22	39156883	A	G	0.592	Ajore et al., 2022	Fine-mapping	MOLP8
22	39156998	G	A	0.306	Ajore et al., 2022	Fine-mapping	MOLP8
22	39157767	A	G	0.848	Ajore et al., 2022	Fine-mapping	MOLP8
22	39157814	G	A	0.698	Ajore et al., 2022	Fine-mapping	MOLP8
22	39161157	A	C	0.258	Ajore et al., 2022	Fine-mapping	MOLP8
22	39161335	T	G	0.762	Ajore et al., 2022	Fine-mapping	MOLP8
22	39161591	T	C	0.135	Ajore et al., 2022	Fine-mapping	MOLP8
22	39161607	G	A	0.484	Ajore et al., 2022	Fine-mapping	MOLP8
22	39161725	A	G	0.699	Ajore et al., 2022	Fine-mapping	MOLP8
22	39163293	A	C	0.81	Ajore et al., 2022	Fine-mapping	MOLP8
22	39163737	G	C	0.149	Ajore et al., 2022	Fine-mapping	MOLP8
6	15229343	A	G	2.67e-05	Ajore et al., 2022	Fine-mapping	MOLP8
7	124904508	A	G	0.906	Ajore et al., 2022	Fine-mapping	MOLP8
6	15225217	C	T	0.0607	Ajore et al., 2022	Fine-mapping	MOLP8
5	95921270	T	C	0.785	Ajore et al., 2022	Fine-mapping	MOLP8
5	95920020	A	G	0.932	Ajore et al., 2022	Fine-mapping	MOLP8
5	123367072	T	G	0.895	Ajore et al., 2022	Fine-mapping	MOLP8
7	151220805	T	C	0.953	Ajore et al., 2022	Fine-mapping	MOLP8
6	15273054	A	G	0.548	Ajore et al., 2022	Fine-mapping	MOLP8
22	35279699	G	GG	0.0806	Ajore et al., 2022	Fine-mapping	MOLP8
5	95915642	G	A	0.975	Ajore et al., 2022	Fine-mapping	MOLP8
5	95917591	G	T	0.229	Ajore et al., 2022	Fine-mapping	MOLP8
5	95917785	A	G	0.457	Ajore et al., 2022	Fine-mapping	MOLP8
5	95883557	T	C	0.957	Ajore et al., 2022	Fine-mapping	MOLP8
22	35294190	A	G	0.974	Ajore et al., 2022	Fine-mapping	MOLP8
6	15273570	G	A	0.903	Ajore et al., 2022	Fine-mapping	MOLP8
20	48717239	AG	A	0.895	Ajore et al., 2022	Fine-mapping	MOLP8
5	95927843	G	A	0.95	Ajore et al., 2022	Fine-mapping	MOLP8
2	173901259	TTTC	T	0.27	Ajore et al., 2022	Fine-mapping	MOLP8
2	173887099	A	G	0.843	Ajore et al., 2022	Fine-mapping	MOLP8
7	125018582	A	G	0.366	Ajore et al., 2022	Fine-mapping	MOLP8
22	35258642	C	T	0.975	Ajore et al., 2022	Fine-mapping	MOLP8
7	124810291	T	C	0.981	Ajore et al., 2022	Fine-mapping	MOLP8
22	35250868	A	C	0.916	Ajore et al., 2022	Fine-mapping	MOLP8
5	95881726	A	T	0.922	Ajore et al., 2022	Fine-mapping	MOLP8
2	173886232	T	A	0.916	Ajore et al., 2022	Fine-mapping	MOLP8
7	125070707	G	A	0.975	Ajore et al., 2022	Fine-mapping	MOLP8
2	173968239	G	T	0.996	Ajore et al., 2022	Fine-mapping	MOLP8
2	173969105	G	A	0.137	Ajore et al., 2022	Fine-mapping	MOLP8
8	127219700	A	G	0.758	Ajore et al., 2022	Fine-mapping	MOLP8
17	16916910	G	C	0.457	Ajore et al., 2022	Fine-mapping	MOLP8
5	95886452	C	T	0.041	Ajore et al., 2022	Fine-mapping	MOLP8
5	95900711	G	A	0.335	Ajore et al., 2022	Fine-mapping	MOLP8
5	95911930	A	C	0.0803	Ajore et al., 2022	Fine-mapping	MOLP8
5	123373935	C	T	0.484	Ajore et al., 2022	Fine-mapping	MOLP8
5	123388973	C	A	0.23	Ajore et al., 2022	Fine-mapping	MOLP8
7	124822607	C	T	0.953	Ajore et al., 2022	Fine-mapping	MOLP8
7	125008331	A	G	0.886	Ajore et al., 2022	Fine-mapping	MOLP8
7	125069295	C	T	0.617	Ajore et al., 2022	Fine-mapping	MOLP8
5	123373633	A	T	0.468	Ajore et al., 2022	Fine-mapping	MOLP8
7	81820734	T	C	0.0543	Ajore et al., 2022	Fine-mapping	MOLP8
7	81820819	A	T	0.986	Ajore et al., 2022	Fine-mapping	MOLP8
7	81836925	C	G	0.783	Ajore et al., 2022	Fine-mapping	MOLP8
7	81786467	A	G	0.932	Ajore et al., 2022	Fine-mapping	MOLP8
7	81789482	G	A	0.645	Ajore et al., 2022	Fine-mapping	MOLP8
7	81821946	C	T	0.683	Ajore et al., 2022	Fine-mapping	MOLP8
7	106650672	C	T	0.296	Ajore et al., 2022	Fine-mapping	MOLP8
22	35272786	T	G	0.986	Ajore et al., 2022	Fine-mapping	MOLP8
3	169771279	A	T	0.859	Ajore et al., 2022	Fine-mapping	MOLP8
19	16331798	A	G	0.841	Ajore et al., 2022	Fine-mapping	MOLP8
5	95916207	G	C	0.865	Ajore et al., 2022	Fine-mapping	MOLP8
3	169771284	G	A	0.699	Ajore et al., 2022	Fine-mapping	MOLP8
1	24965206	C	T	0	Ajore et al., 2022	Fine-mapping	MOLP8
3	169784392	T	C	0.895	Ajore et al., 2022	Fine-mapping	MOLP8
3	169788353	C	T	0.263	Ajore et al., 2022	Fine-mapping	MOLP8
3	169788385	C	T	0.906	Ajore et al., 2022	Fine-mapping	MOLP8
11	69639167	C	T	0.975	Ajore et al., 2022	Fine-mapping	MOLP8
8	127210176	T	C	0.156	Ajore et al., 2022	Fine-mapping	MOLP8
5	95927372	C	T	0.403	Ajore et al., 2022	Fine-mapping	MOLP8
3	169791864	C	T	0.655	Ajore et al., 2022	Fine-mapping	MOLP8
6	15231235	C	T	0.75	Ajore et al., 2022	Fine-mapping	MOLP8
5	95927841	G	A	0.974	Ajore et al., 2022	Fine-mapping	MOLP8
5	123400885	G	C	0.95	Ajore et al., 2022	Fine-mapping	MOLP8
5	95927374	C	T	0.27	Ajore et al., 2022	Fine-mapping	MOLP8
22	35287809	G	A	0.603	Ajore et al., 2022	Fine-mapping	MOLP8
7	81828340	TTTC	T	0.522	Ajore et al., 2022	Fine-mapping	MOLP8
10	28554093	C	T	0.577	Ajore et al., 2022	Fine-mapping	MOLP8
5	95929383	C	T	0.531	Ajore et al., 2022	Fine-mapping	MOLP8
5	123375597	A	G	0.906	Ajore et al., 2022	Fine-mapping	MOLP8
6	106196841	C	G	0.56	Ajore et al., 2022	Fine-mapping	MOLP8
5	123394957	G	T	0.296	Ajore et al., 2022	Fine-mapping	MOLP8
2	25543610	G	C	0.0543	Ajore et al., 2022	Fine-mapping	MOLP8
22	35283418	G	A	0.992	Ajore et al., 2022	Fine-mapping	MOLP8
5	95899489	T	C	0.916	Ajore et al., 2022	Fine-mapping	MOLP8
7	81816559	G	A	0.41	Ajore et al., 2022	Fine-mapping	MOLP8
7	125068360	C	T	0.973	Ajore et al., 2022	Fine-mapping	MOLP8
7	151275831	A	G	0.991	Ajore et al., 2022	Fine-mapping	MOLP8
22	35286451	T	C	0.683	Ajore et al., 2022	Fine-mapping	MOLP8
22	35256248	C	T	0.585	Ajore et al., 2022	Fine-mapping	MOLP8
9	21949528	T	G	0.468	Ajore et al., 2022	Fine-mapping	MOLP8
9	21949529	T	A	0.785	Ajore et al., 2022	Fine-mapping	MOLP8
7	124799834	T	G	0.895	Ajore et al., 2022	Fine-mapping	MOLP8
5	123349434	A	G	0.565	Ajore et al., 2022	Fine-mapping	MOLP8
5	123349654	T	C	0.889	Ajore et al., 2022	Fine-mapping	MOLP8
16	30852554	T	C	0.995	Ajore et al., 2022	Fine-mapping	MOLP8
3	169785644	C	T	0.986	Ajore et al., 2022	Fine-mapping	MOLP8
10	28519114	C	G	0.988	Ajore et al., 2022	Fine-mapping	MOLP8
10	28529607	A	C	0.631	Ajore et al., 2022	Fine-mapping	MOLP8
5	123378783	A	C	0.865	Ajore et al., 2022	Fine-mapping	MOLP8
16	30852526	T	C	0.724	Ajore et al., 2022	Fine-mapping	MOLP8
7	124965530	G	A	0.975	Ajore et al., 2022	Fine-mapping	MOLP8
20	48738343	A	C	0.41	Ajore et al., 2022	Fine-mapping	MOLP8
22	35258140	T	G	0.296	Ajore et al., 2022	Fine-mapping	MOLP8
22	35268948	T	C	0.161	Ajore et al., 2022	Fine-mapping	MOLP8
22	35276850	T	G	0.586	Ajore et al., 2022	Fine-mapping	MOLP8
7	124765622	A	C	0.583	Ajore et al., 2022	Fine-mapping	MOLP8
3	169773941	T	A	0.931	Ajore et al., 2022	Fine-mapping	MOLP8
9	21963049	C	T	0.828	Ajore et al., 2022	Fine-mapping	MOLP8
5	95910430	T	G	0.991	Ajore et al., 2022	Fine-mapping	MOLP8
7	124790978	G	A	0.586	Ajore et al., 2022	Fine-mapping	MOLP8
16	30728598	T	C	0.83	Ajore et al., 2022	Fine-mapping	MOLP8
3	169764547	T	C	0.932	Ajore et al., 2022	Fine-mapping	MOLP8
6	106220119	C	T	0.363	Ajore et al., 2022	Fine-mapping	MOLP8
16	30866025	T	G	0.49	Ajore et al., 2022	Fine-mapping	MOLP8
5	95900306	A	C	0.785	Ajore et al., 2022	Fine-mapping	MOLP8
19	16329024	A	C	0.267	Ajore et al., 2022	Fine-mapping	MOLP8
9	21950524	G	C	0.991	Ajore et al., 2022	Fine-mapping	MOLP8
7	124794706	G	A	0.948	Ajore et al., 2022	Fine-mapping	MOLP8
7	124799545	T	C	0.156	Ajore et al., 2022	Fine-mapping	MOLP8
5	123364962	T	C	0.698	Ajore et al., 2022	Fine-mapping	MOLP8
22	35256702	C	T	0.296	Ajore et al., 2022	Fine-mapping	MOLP8
22	35267530	C	T	0.878	Ajore et al., 2022	Fine-mapping	MOLP8
9	21959752	T	C	0.998	Ajore et al., 2022	Fine-mapping	MOLP8
9	21978980	C	T	0.0126	Ajore et al., 2022	Fine-mapping	MOLP8
7	151275527	C	T	0.246	Ajore et al., 2022	Fine-mapping	MOLP8
10	28574879	C	G	0.205	Ajore et al., 2022	Fine-mapping	MOLP8
10	28578291	C	G	0.543	Ajore et al., 2022	Fine-mapping	MOLP8
10	28581561	T	G	0.332	Ajore et al., 2022	Fine-mapping	MOLP8
10	28613689	T	G	0.37	Ajore et al., 2022	Fine-mapping	MOLP8
5	95896837	G	A	0.906	Ajore et al., 2022	Fine-mapping	MOLP8
5	95918467	G	T	0.272	Ajore et al., 2022	Fine-mapping	MOLP8
5	95908710	C	T	0.229	Ajore et al., 2022	Fine-mapping	MOLP8
10	28601231	C	T	0.988	Ajore et al., 2022	Fine-mapping	MOLP8
10	28605366	G	A	0.892	Ajore et al., 2022	Fine-mapping	MOLP8
10	28607017	G	A	0.925	Ajore et al., 2022	Fine-mapping	MOLP8
10	28536760	C	T	0	Ajore et al., 2022	Fine-mapping	MOLP8
10	28512101	A	G	0.135	Ajore et al., 2022	Fine-mapping	MOLP8
10	28553103	A	G	0.234	Ajore et al., 2022	Fine-mapping	MOLP8
10	28558148	A	G	0.913	Ajore et al., 2022	Fine-mapping	MOLP8
10	28567890	G	A	0.79	Ajore et al., 2022	Fine-mapping	MOLP8
10	28584273	C	T	0.986	Ajore et al., 2022	Fine-mapping	MOLP8
10	28598263	C	T	0.868	Ajore et al., 2022	Fine-mapping	MOLP8
9	21991924	C	T	0.701	Ajore et al., 2022	Fine-mapping	MOLP8
5	95922743	T	C	0.405	Ajore et al., 2022	Fine-mapping	MOLP8
7	124802890	C	T	0.841	Ajore et al., 2022	Fine-mapping	MOLP8
7	81833057	T	C	0.522	Ajore et al., 2022	Fine-mapping	MOLP8
16	30826807	G	A	0.631	Ajore et al., 2022	Fine-mapping	MOLP8
17	16917199	C	T	0.785	Ajore et al., 2022	Fine-mapping	MOLP8
7	124796085	C	T	0.656	Ajore et al., 2022	Fine-mapping	MOLP8
16	74643066	T	C	0.559	Ajore et al., 2022	Fine-mapping	MOLP8
7	124886159	C	T	0.868	Ajore et al., 2022	Fine-mapping	MOLP8
3	169808484	T	C	0.818	Ajore et al., 2022	Fine-mapping	MOLP8
7	124859426	A	C	0.882	Ajore et al., 2022	Fine-mapping	MOLP8
7	124802937	G	A	0.749	Ajore et al., 2022	Fine-mapping	MOLP8
15	89538674	G	A	0.273	Ajore et al., 2022	Fine-mapping	MOLP8
7	124922641	A	C	0.714	Ajore et al., 2022	Fine-mapping	MOLP8
16	30789706	C	T	0.992	Ajore et al., 2022	Fine-mapping	MOLP8
11	69637069	C	G	0.856	Ajore et al., 2022	Fine-mapping	MOLP8
10	28509727	T	A	0.153	Ajore et al., 2022	Fine-mapping	MOLP8
2	25550207	C	T	0.656	Ajore et al., 2022	Fine-mapping	MOLP8
7	81818709	C	CA	0.619	Ajore et al., 2022	Fine-mapping	MOLP8
7	81835823	C	T	0.825	Ajore et al., 2022	Fine-mapping	MOLP8
22	39167907	G	GA	0.785	Ajore et al., 2022	Fine-mapping	MOLP8
6	15230067	T	C	0.932	Ajore et al., 2022	Fine-mapping	MOLP8
6	15243787	C	G	0.783	Ajore et al., 2022	Fine-mapping	MOLP8
6	15278926	G	A	0.841	Ajore et al., 2022	Fine-mapping	MOLP8
16	74597975	C	T	0.699	Ajore et al., 2022	Fine-mapping	MOLP8
16	30787368	G	A	0.986	Ajore et al., 2022	Fine-mapping	MOLP8
6	15255463	G	C	0.617	Ajore et al., 2022	Fine-mapping	MOLP8
7	81839191	C	A	0.957	Ajore et al., 2022	Fine-mapping	MOLP8
17	16939677	G	A	0.796	Ajore et al., 2022	Fine-mapping	MOLP8
6	106181821	A	G	0.841	Ajore et al., 2022	Fine-mapping	MOLP8
6	106181815	T	C	0.389	Ajore et al., 2022	Fine-mapping	MOLP8
5	123381767	AT	A	0.769	Ajore et al., 2022	Fine-mapping	MOLP8
5	123381766	T	C	0.841	Ajore et al., 2022	Fine-mapping	MOLP8
16	30860194	C	T	0.403	Ajore et al., 2022	Fine-mapping	MOLP8
6	106250177	AT	A	0.814	Ajore et al., 2022	Fine-mapping	MOLP8
6	15235927	GT	G	0.837	Ajore et al., 2022	Fine-mapping	MOLP8
7	81809197	C	A	0.144	Ajore et al., 2022	Fine-mapping	MOLP8
7	124800963	A	G	0.441	Ajore et al., 2022	Fine-mapping	MOLP8
5	123395163	G	A	0.73	Ajore et al., 2022	Fine-mapping	MOLP8
7	81827581	T	G	0.823	Ajore et al., 2022	Fine-mapping	MOLP8
6	15254536	C	T	0.916	Ajore et al., 2022	Fine-mapping	MOLP8
10	28643131	TC	T	0.59	Ajore et al., 2022	Fine-mapping	MOLP8
7	81797404	G	T	0.268	Ajore et al., 2022	Fine-mapping	MOLP8
5	123400973	G	A	0.975	Ajore et al., 2022	Fine-mapping	MOLP8
7	81839870	A	G	0.699	Ajore et al., 2022	Fine-mapping	MOLP8
3	169768720	G	A	0.316	Ajore et al., 2022	Fine-mapping	MOLP8
6	15278889	C	T	0.139	Ajore et al., 2022	Fine-mapping	MOLP8
5	123393219	C	T	0.672	Ajore et al., 2022	Fine-mapping	MOLP8
16	30660211	G	A	0.332	Ajore et al., 2022	Fine-mapping	MOLP8
7	81815713	T	A	0.975	Ajore et al., 2022	Fine-mapping	MOLP8
2	25584142	G	A	0.932	Ajore et al., 2022	Fine-mapping	MOLP8
16	30703096	T	C	0.142	Ajore et al., 2022	Fine-mapping	MOLP8
7	124904416	G	A	0.957	Ajore et al., 2022	Fine-mapping	MOLP8
7	81824230	C	T	0.189	Ajore et al., 2022	Fine-mapping	MOLP8
5	95927381	ACG	A	0.171	Ajore et al., 2022	Fine-mapping	MOLP8
9	21991372	C	T	0.977	Ajore et al., 2022	Fine-mapping	MOLP8
10	28633362	AC	A	0.932	Ajore et al., 2022	Fine-mapping	MOLP8
19	16325451	T	C	0.974	Ajore et al., 2022	Fine-mapping	MOLP8
16	30655046	C	T	0.73	Ajore et al., 2022	Fine-mapping	MOLP8
16	30775606	C	T	0.174	Ajore et al., 2022	Fine-mapping	MOLP8
17	16934662	T	G	0.41	Ajore et al., 2022	Fine-mapping	MOLP8
17	16931972	C	A	0.783	Ajore et al., 2022	Fine-mapping	MOLP8
17	16926657	C	T	0.473	Ajore et al., 2022	Fine-mapping	MOLP8
3	169782699	G	A	0.865	Ajore et al., 2022	Fine-mapping	MOLP8
5	95928048	T	A	0.0102	Ajore et al., 2022	Fine-mapping	MOLP8
5	95928031	G	A	0	Ajore et al., 2022	Fine-mapping	MOLP8
5	95926340	G	C	0.8	Ajore et al., 2022	Fine-mapping	MOLP8
5	95924158	C	T	0.664	Ajore et al., 2022	Fine-mapping	MOLP8
5	95918798	T	C	0.493	Ajore et al., 2022	Fine-mapping	MOLP8
5	95917404	C	G	0.0407	Ajore et al., 2022	Fine-mapping	MOLP8
5	95912268	C	T	0.473	Ajore et al., 2022	Fine-mapping	MOLP8
5	95911163	G	A	0.986	Ajore et al., 2022	Fine-mapping	MOLP8
5	95911056	G	A	0.255	Ajore et al., 2022	Fine-mapping	MOLP8
5	95909680	C	T	0.714	Ajore et al., 2022	Fine-mapping	MOLP8
5	95902456	A	C	0.946	Ajore et al., 2022	Fine-mapping	MOLP8
5	95902212	T	C	0.41	Ajore et al., 2022	Fine-mapping	MOLP8
5	95899087	C	T	0.701	Ajore et al., 2022	Fine-mapping	MOLP8
5	95898926	G	T	0.905	Ajore et al., 2022	Fine-mapping	MOLP8
5	95898688	A	C	0.37	Ajore et al., 2022	Fine-mapping	MOLP8
5	95898673	C	T	0.991	Ajore et al., 2022	Fine-mapping	MOLP8
5	95898646	A	G	0.747	Ajore et al., 2022	Fine-mapping	MOLP8
5	95893132	A	G	0.084	Ajore et al., 2022	Fine-mapping	MOLP8
22	35303052	A	C	0.296	Ajore et al., 2022	Fine-mapping	MOLP8
22	35311243	G	A	0.0797	Ajore et al., 2022	Fine-mapping	MOLP8
3	169807074	A	C	0.957	Ajore et al., 2022	Fine-mapping	MOLP8
6	106238552	A	G	0.00114	Ajore et al., 2022	Fine-mapping	MOLP8
6	106279340	C	T	0.149	Ajore et al., 2022	Fine-mapping	MOLP8
9	21975018	C	T	0.701	Ajore et al., 2022	Fine-mapping	MOLP8
5	95900755	C	T	0.332	Ajore et al., 2022	Fine-mapping	MOLP8
20	48679827	G	C	0.988	Ajore et al., 2022	Fine-mapping	MOLP8
3	169772158	A	G	0.79	Ajore et al., 2022	Fine-mapping	MOLP8
6	106237320	G	C	0	Ajore et al., 2022	Fine-mapping	MOLP8
17	16930436	G	A	0.931	Ajore et al., 2022	Fine-mapping	MOLP8
7	124929324	G	GT	0.931	Ajore et al., 2022	Fine-mapping	MOLP8
16	30820898	CG	C	0.135	Ajore et al., 2022	Fine-mapping	MOLP8
5	95913072	GGT	G	0.906	Ajore et al., 2022	Fine-mapping	MOLP8
7	124806083	C	G	0.698	Ajore et al., 2022	Fine-mapping	MOLP8
3	169775495	C	G	0.683	Ajore et al., 2022	Fine-mapping	MOLP8
22	35279489	A	G	0.699	Ajore et al., 2022	Fine-mapping	MOLP8
17	16945825	A	G	0	Ajore et al., 2022	Fine-mapping	MOLP8
2	173944171	T	C	0.832	Ajore et al., 2022	Fine-mapping	MOLP8
5	123387899	C	T	0.807	Ajore et al., 2022	Fine-mapping	MOLP8
16	74667462	C	T	0.316	Ajore et al., 2022	Fine-mapping	MOLP8
20	48718479	A	G	0.975	Ajore et al., 2022	Fine-mapping	MOLP8
22	35301399	A	G	0.701	Ajore et al., 2022	Fine-mapping	MOLP8
22	35312797	C	T	0.707	Ajore et al., 2022	Fine-mapping	MOLP8
7	124903972	G	T	0.732	Ajore et al., 2022	Fine-mapping	MOLP8
7	21898622	C	A	0.00663	Ajore et al., 2022	Fine-mapping	MOLP8
16	74624532	A	T	0.428	Ajore et al., 2022	Fine-mapping	MOLP8
17	16945251	C	G	0.73	Ajore et al., 2022	Fine-mapping	MOLP8
22	35298216	G	A	0.73	Ajore et al., 2022	Fine-mapping	MOLP8
22	35303460	A	G	0.992	Ajore et al., 2022	Fine-mapping	MOLP8
20	48699944	A	G	0.319	Ajore et al., 2022	Fine-mapping	MOLP8
7	124903848	T	A	0.895	Ajore et al., 2022	Fine-mapping	MOLP8
17	16945436	C	T	0.878	Ajore et al., 2022	Fine-mapping	MOLP8
5	95929852	G	A	0.144	Ajore et al., 2022	Fine-mapping	MOLP8
2	173943611	A	G	0.267	Ajore et al., 2022	Fine-mapping	MOLP8
20	48700037	C	G	0.634	Ajore et al., 2022	Fine-mapping	MOLP8
16	30719358	G	A	0.954	Ajore et al., 2022	Fine-mapping	MOLP8
5	95919675	G	A	0.933	Ajore et al., 2022	Fine-mapping	MOLP8
10	28643199	G	A	0.732	Ajore et al., 2022	Fine-mapping	MOLP8
17	16922702	A	G	0.37	Ajore et al., 2022	Fine-mapping	MOLP8
17	16924825	C	A	0.991	Ajore et al., 2022	Fine-mapping	MOLP8
17	16937548	G	A	0.0224	Ajore et al., 2022	Fine-mapping	MOLP8
17	16941853	A	G	6.36e-06	Ajore et al., 2022	Fine-mapping	MOLP8
19	16328579	G	A	0.37	Ajore et al., 2022	Fine-mapping	MOLP8
19	16328687	C	T	0.255	Ajore et al., 2022	Fine-mapping	MOLP8
22	35251729	A	G	0.977	Ajore et al., 2022	Fine-mapping	MOLP8
22	35262232	A	G	0.355	Ajore et al., 2022	Fine-mapping	MOLP8
22	35273448	A	G	0.663	Ajore et al., 2022	Fine-mapping	MOLP8
22	35279402	G	A	0.286	Ajore et al., 2022	Fine-mapping	MOLP8
22	35292505	T	A	0.483	Ajore et al., 2022	Fine-mapping	MOLP8
22	35294539	A	G	0.2	Ajore et al., 2022	Fine-mapping	MOLP8
22	35295842	C	A	0.975	Ajore et al., 2022	Fine-mapping	MOLP8
5	123402183	C	T	0.796	Ajore et al., 2022	Fine-mapping	MOLP8
5	123402382	A	G	0.516	Ajore et al., 2022	Fine-mapping	MOLP8
5	123409597	T	C	0.599	Ajore et al., 2022	Fine-mapping	MOLP8
5	123409762	G	A	0.326	Ajore et al., 2022	Fine-mapping	MOLP8
16	30854119	T	C	0.271	Ajore et al., 2022	Fine-mapping	MOLP8
16	30860434	G	T	0.977	Ajore et al., 2022	Fine-mapping	MOLP8
16	30850814	G	A	0.149	Ajore et al., 2022	Fine-mapping	MOLP8
17	16960324	C	G	0.895	Ajore et al., 2022	Fine-mapping	MOLP8
5	95927798	C	T	0.957	Ajore et al., 2022	Fine-mapping	MOLP8
5	95927818	TAGAC	T	0.174	Ajore et al., 2022	Fine-mapping	MOLP8
17	16938999	A	C	0.18	Ajore et al., 2022	Fine-mapping	MOLP8
7	21899471	C	A	0.828	Ajore et al., 2022	Fine-mapping	MOLP8
3	169770360	A	T	0.837	Ajore et al., 2022	Fine-mapping	MOLP8
7	125023162	A	G	0.892	Ajore et al., 2022	Fine-mapping	MOLP8
7	124877226	A	G	0.974	Ajore et al., 2022	Fine-mapping	MOLP8
2	173951416	T	G	0.952	Ajore et al., 2022	Fine-mapping	MOLP8
7	106639625	T	C	0.413	Ajore et al., 2022	Fine-mapping	MOLP8
16	74660794	T	C	0.622	Ajore et al., 2022	Fine-mapping	MOLP8
7	124979675	G	T	0.699	Ajore et al., 2022	Fine-mapping	MOLP8
7	124966292	T	G	0.988	Ajore et al., 2022	Fine-mapping	MOLP8
5	95904955	G	A	0.841	Ajore et al., 2022	Fine-mapping	MOLP8
7	125042364	G	A	0.841	Ajore et al., 2022	Fine-mapping	MOLP8
5	95907227	T	C	0.792	Ajore et al., 2022	Fine-mapping	MOLP8
7	124935956	G	T	0.796	Ajore et al., 2022	Fine-mapping	MOLP8
7	21904989	T	C	0.608	Ajore et al., 2022	Fine-mapping	MOLP8
7	124866949	G	A	0.153	Ajore et al., 2022	Fine-mapping	MOLP8
7	124889568	T	C	0.699	Ajore et al., 2022	Fine-mapping	MOLP8
7	21899414	C	A	0.952	Ajore et al., 2022	Fine-mapping	MOLP8
20	48738736	C	T	0.2	Ajore et al., 2022	Fine-mapping	MOLP8
7	124917495	A	G	0.957	Ajore et al., 2022	Fine-mapping	MOLP8
7	124839126	G	A	0.63	Ajore et al., 2022	Fine-mapping	MOLP8
5	95927783	G	A	0.913	Ajore et al., 2022	Fine-mapping	MOLP8
3	169770705	G	T	0.989	Ajore et al., 2022	Fine-mapping	MOLP8
16	30777438	C	A	0.903	Ajore et al., 2022	Fine-mapping	MOLP8
7	21888461	C	A	0.975	Ajore et al., 2022	Fine-mapping	MOLP8
17	16953863	G	A	0.832	Ajore et al., 2022	Fine-mapping	MOLP8
17	16953548	A	T	0.0543	Ajore et al., 2022	Fine-mapping	MOLP8
17	16948136	G	A	0.585	Ajore et al., 2022	Fine-mapping	MOLP8
22	35288860	G	A	0.37	Ajore et al., 2022	Fine-mapping	MOLP8
22	39165791	C	A	0.931	Ajore et al., 2022	Fine-mapping	MOLP8
22	35257480	C	T	0.966	Ajore et al., 2022	Fine-mapping	MOLP8
22	35279544	G	A	0.496	Ajore et al., 2022	Fine-mapping	MOLP8
22	35280158	G	A	0.814	Ajore et al., 2022	Fine-mapping	MOLP8
22	35281578	G	A	0.989	Ajore et al., 2022	Fine-mapping	MOLP8
22	35281585	A	G	0.932	Ajore et al., 2022	Fine-mapping	MOLP8
22	35289055	A	G	0.592	Ajore et al., 2022	Fine-mapping	MOLP8
22	35290190	A	G	0.355	Ajore et al., 2022	Fine-mapping	MOLP8
22	35290400	C	T	0.785	Ajore et al., 2022	Fine-mapping	MOLP8
22	35296550	A	C	0.296	Ajore et al., 2022	Fine-mapping	MOLP8
22	39169236	G	A	0.37	Ajore et al., 2022	Fine-mapping	MOLP8
2	173937134	T	A	0.531	Ajore et al., 2022	Fine-mapping	MOLP8
17	16916785	G	A	0.273	Ajore et al., 2022	Fine-mapping	MOLP8
7	124943842	T	C	0.975	Ajore et al., 2022	Fine-mapping	MOLP8
11	69646606	G	C	0.664	Ajore et al., 2022	Fine-mapping	MOLP8
17	16938289	G	C	0.269	Ajore et al., 2022	Fine-mapping	MOLP8
7	125038228	T	C	0.986	Ajore et al., 2022	Fine-mapping	MOLP8
7	124914213	C	A	0.957	Ajore et al., 2022	Fine-mapping	MOLP8
7	124956849	C	G	0.585	Ajore et al., 2022	Fine-mapping	MOLP8
7	124880912	C	A	0.296	Ajore et al., 2022	Fine-mapping	MOLP8
7	124956928	G	C	0.957	Ajore et al., 2022	Fine-mapping	MOLP8
22	39152022	A	G	0.618	Ajore et al., 2022	Fine-mapping	MOLP8
22	39151957	C	T	0.754	Ajore et al., 2022	Fine-mapping	MOLP8
11	69647874	G	A	0.451	Ajore et al., 2022	Fine-mapping	MOLP8
20	48708777	C	T	0.522	Ajore et al., 2022	Fine-mapping	MOLP8
20	48736569	T	C	0.37	Ajore et al., 2022	Fine-mapping	MOLP8
20	48741534	A	G	0.216	Ajore et al., 2022	Fine-mapping	MOLP8
20	48683332	T	C	0.644	Ajore et al., 2022	Fine-mapping	MOLP8
20	48701451	T	C	0.153	Ajore et al., 2022	Fine-mapping	MOLP8
20	48701906	T	C	0.975	Ajore et al., 2022	Fine-mapping	MOLP8
20	48727696	C	T	0.73	Ajore et al., 2022	Fine-mapping	MOLP8
20	48735093	T	G	0.783	Ajore et al., 2022	Fine-mapping	MOLP8
20	48737360	C	T	0.473	Ajore et al., 2022	Fine-mapping	MOLP8
20	48737594	C	A	0	Ajore et al., 2022	Fine-mapping	MOLP8
20	48737595	C	A	0.000111	Ajore et al., 2022	Fine-mapping	MOLP8
20	48737957	G	C	0.966	Ajore et al., 2022	Fine-mapping	MOLP8
20	48738472	T	C	0.732	Ajore et al., 2022	Fine-mapping	MOLP8
20	48740800	A	C	0.272	Ajore et al., 2022	Fine-mapping	MOLP8
20	48741913	A	G	0.522	Ajore et al., 2022	Fine-mapping	MOLP8
5	123419527	A	G	0.832	Ajore et al., 2022	Fine-mapping	MOLP8
20	48704297	T	C	0.699	Ajore et al., 2022	Fine-mapping	MOLP8
20	48704507	T	C	0.58	Ajore et al., 2022	Fine-mapping	MOLP8
20	48739525	T	C	0.932	Ajore et al., 2022	Fine-mapping	MOLP8
20	48739639	C	G	0.747	Ajore et al., 2022	Fine-mapping	MOLP8
20	48740980	A	G	0.906	Ajore et al., 2022	Fine-mapping	MOLP8
20	48734558	G	A	0.906	Ajore et al., 2022	Fine-mapping	MOLP8
20	48676285	C	G	0.788	Ajore et al., 2022	Fine-mapping	MOLP8
20	48698096	G	A	0.522	Ajore et al., 2022	Fine-mapping	MOLP8
20	48731624	C	G	0.937	Ajore et al., 2022	Fine-mapping	MOLP8
20	48736641	G	A	0.989	Ajore et al., 2022	Fine-mapping	MOLP8
7	151255684	G	A	0.749	Ajore et al., 2022	Fine-mapping	MOLP8
5	123386874	C	T	0.0846	Ajore et al., 2022	Fine-mapping	MOLP8
5	123401278	G	A	0.895	Ajore et al., 2022	Fine-mapping	MOLP8
5	123401455	A	G	0.272	Ajore et al., 2022	Fine-mapping	MOLP8
5	123401514	C	T	0.357	Ajore et al., 2022	Fine-mapping	MOLP8
6	106196845	C	T	0.975	Ajore et al., 2022	Fine-mapping	MOLP8
6	106228595	C	T	0.772	Ajore et al., 2022	Fine-mapping	MOLP8
6	106254902	T	C	0.832	Ajore et al., 2022	Fine-mapping	MOLP8
6	106274331	A	G	0.585	Ajore et al., 2022	Fine-mapping	MOLP8
7	81828014	T	C	0.552	Ajore et al., 2022	Fine-mapping	MOLP8
7	81832422	A	G	0.878	Ajore et al., 2022	Fine-mapping	MOLP8
7	81840441	T	C	0.443	Ajore et al., 2022	Fine-mapping	MOLP8
7	81845102	T	C	0.699	Ajore et al., 2022	Fine-mapping	MOLP8
2	173951628	G	A	0.953	Ajore et al., 2022	Fine-mapping	MOLP8
11	69646963	C	T	0.895	Ajore et al., 2022	Fine-mapping	MOLP8
22	35283665	C	T	0.517	Ajore et al., 2022	Fine-mapping	MOLP8
22	35287062	G	T	0.865	Ajore et al., 2022	Fine-mapping	MOLP8
5	95890951	A	G	0.732	Ajore et al., 2022	Fine-mapping	MOLP8
16	30695156	T	C	0.269	Ajore et al., 2022	Fine-mapping	MOLP8
16	30735870	C	T	0.0913	Ajore et al., 2022	Fine-mapping	MOLP8
5	123348302	T	C	0.841	Ajore et al., 2022	Fine-mapping	MOLP8
5	123383042	G	C	0.361	Ajore et al., 2022	Fine-mapping	MOLP8
5	123407548	C	T	0.5	Ajore et al., 2022	Fine-mapping	MOLP8
5	123407631	A	T	0.954	Ajore et al., 2022	Fine-mapping	MOLP8
5	123408035	G	C	0.656	Ajore et al., 2022	Fine-mapping	MOLP8
5	123411177	C	A	0.701	Ajore et al., 2022	Fine-mapping	MOLP8
5	123415173	G	C	0.381	Ajore et al., 2022	Fine-mapping	MOLP8
5	123415278	A	C	0.837	Ajore et al., 2022	Fine-mapping	MOLP8
7	124873229	G	A	0.574	Ajore et al., 2022	Fine-mapping	MOLP8
7	124852709	A	G	0.87	Ajore et al., 2022	Fine-mapping	MOLP8
7	124864020	C	A	0.714	Ajore et al., 2022	Fine-mapping	MOLP8
7	124910472	C	T	0.991	Ajore et al., 2022	Fine-mapping	MOLP8
7	125014163	G	T	0.974	Ajore et al., 2022	Fine-mapping	MOLP8
2	173952665	C	T	0.92	Ajore et al., 2022	Fine-mapping	MOLP8
2	173942887	T	C	0.292	Ajore et al., 2022	Fine-mapping	MOLP8
7	125030421	A	G	0.905	Ajore et al., 2022	Fine-mapping	MOLP8
7	124872501	T	A	0.998	Ajore et al., 2022	Fine-mapping	MOLP8
7	124859334	G	T	0.762	Ajore et al., 2022	Fine-mapping	MOLP8
16	30660776	A	C	0.895	Ajore et al., 2022	Fine-mapping	MOLP8
7	124921736	T	G	0.592	Ajore et al., 2022	Fine-mapping	MOLP8
2	173890830	G	A	0.975	Ajore et al., 2022	Fine-mapping	MOLP8
7	124974073	T	C	0.732	Ajore et al., 2022	Fine-mapping	MOLP8
16	30703507	A	T	0.925	Ajore et al., 2022	Fine-mapping	MOLP8
2	173933767	C	G	0.656	Ajore et al., 2022	Fine-mapping	MOLP8
2	173951170	A	C	0.975	Ajore et al., 2022	Fine-mapping	MOLP8
2	173934442	C	A	0.699	Ajore et al., 2022	Fine-mapping	MOLP8
7	124877803	A	G	0.36	Ajore et al., 2022	Fine-mapping	MOLP8
2	173946493	C	T	0.788	Ajore et al., 2022	Fine-mapping	MOLP8
2	173967851	T	C	0.186	Ajore et al., 2022	Fine-mapping	MOLP8
2	173932853	T	G	0.664	Ajore et al., 2022	Fine-mapping	MOLP8
7	124897422	A	C	0.704	Ajore et al., 2022	Fine-mapping	MOLP8
2	25384889	T	C	0.272	Ajore et al., 2022	Fine-mapping	MOLP8
7	124951824	A	G	0.81	Ajore et al., 2022	Fine-mapping	MOLP8
3	169800667	T	G	0.37	Ajore et al., 2022	Fine-mapping	MOLP8
7	124914310	C	T	0.714	Ajore et al., 2022	Fine-mapping	MOLP8
7	124851253	T	C	0.814	Ajore et al., 2022	Fine-mapping	MOLP8
7	124886277	C	T	0.316	Ajore et al., 2022	Fine-mapping	MOLP8
7	125045261	C	T	0.975	Ajore et al., 2022	Fine-mapping	MOLP8
5	123395874	G	C	0.37	Ajore et al., 2022	Fine-mapping	MOLP8
5	123408311	C	A	0.975	Ajore et al., 2022	Fine-mapping	MOLP8
5	123415020	G	A	0.933	Ajore et al., 2022	Fine-mapping	MOLP8
5	123327947	A	T	0.878	Ajore et al., 2022	Fine-mapping	MOLP8
5	123391332	G	A	0.906	Ajore et al., 2022	Fine-mapping	MOLP8
5	95925834	C	G	0.932	Ajore et al., 2022	Fine-mapping	MOLP8
5	95891758	T	C	0.189	Ajore et al., 2022	Fine-mapping	MOLP8
5	123395708	T	G	0.0261	Ajore et al., 2022	Fine-mapping	MOLP8
5	123410458	A	G	0.0208	Ajore et al., 2022	Fine-mapping	MOLP8
5	123417886	A	C	0.988	Ajore et al., 2022	Fine-mapping	MOLP8
5	95923050	T	G	0.903	Ajore et al., 2022	Fine-mapping	MOLP8
5	123376147	C	T	0.881	Ajore et al., 2022	Fine-mapping	MOLP8
5	95915534	G	A	0.522	Ajore et al., 2022	Fine-mapping	MOLP8
5	123411301	C	A	0.699	Ajore et al., 2022	Fine-mapping	MOLP8
5	95893725	T	C	0.316	Ajore et al., 2022	Fine-mapping	MOLP8
5	123348437	A	G	0.234	Ajore et al., 2022	Fine-mapping	MOLP8
7	124872195	G	A	0.975	Ajore et al., 2022	Fine-mapping	MOLP8
7	21889834	T	G	0.585	Ajore et al., 2022	Fine-mapping	MOLP8
7	124840021	T	C	0.361	Ajore et al., 2022	Fine-mapping	MOLP8
7	124885463	C	T	0.39	Ajore et al., 2022	Fine-mapping	MOLP8
22	39131785	T	C	0.932	Ajore et al., 2022	Fine-mapping	MOLP8
22	39131809	G	T	0.37	Ajore et al., 2022	Fine-mapping	MOLP8
7	81816322	A	AG	0.531	Ajore et al., 2022	Fine-mapping	MOLP8
22	35271982	A	G	0.683	Ajore et al., 2022	Fine-mapping	MOLP8
22	39133024	A	G	0.255	Ajore et al., 2022	Fine-mapping	MOLP8
22	39136415	G	C	0.699	Ajore et al., 2022	Fine-mapping	MOLP8
22	39137267	A	G	0.952	Ajore et al., 2022	Fine-mapping	MOLP8
22	39136549	A	C	0.69	Ajore et al., 2022	Fine-mapping	MOLP8
7	81832111	TA	T	0.522	Ajore et al., 2022	Fine-mapping	MOLP8
6	15223710	T	A	0.0975	Ajore et al., 2022	Fine-mapping	MOLP8
6	15224760	T	C	0.932	Ajore et al., 2022	Fine-mapping	MOLP8
6	15269278	G	T	0.411	Ajore et al., 2022	Fine-mapping	MOLP8
6	15275561	A	G	0.699	Ajore et al., 2022	Fine-mapping	MOLP8
6	15279627	C	T	0.458	Ajore et al., 2022	Fine-mapping	MOLP8
16	74675839	C	A	0.828	Ajore et al., 2022	Fine-mapping	MOLP8
16	30691834	G	A	0.724	Ajore et al., 2022	Fine-mapping	MOLP8
16	74630845	T	C	0.974	Ajore et al., 2022	Fine-mapping	MOLP8
16	30704587	T	C	0.895	Ajore et al., 2022	Fine-mapping	MOLP8
16	30735501	C	A	0.699	Ajore et al., 2022	Fine-mapping	MOLP8
16	74664365	C	G	0.932	Ajore et al., 2022	Fine-mapping	MOLP8
16	30718953	A	G	0.363	Ajore et al., 2022	Fine-mapping	MOLP8
7	124812616	C	T	0.645	Ajore et al., 2022	Fine-mapping	MOLP8
7	124812736	T	C	0.975	Ajore et al., 2022	Fine-mapping	MOLP8
6	15259938	AGTT	A	0.822	Ajore et al., 2022	Fine-mapping	MOLP8
7	124847981	T	C	0.149	Ajore et al., 2022	Fine-mapping	MOLP8
19	16331099	A	G	0.895	Ajore et al., 2022	Fine-mapping	MOLP8
19	16331212	A	G	0.732	Ajore et al., 2022	Fine-mapping	MOLP8
7	124822027	G	A	0.974	Ajore et al., 2022	Fine-mapping	MOLP8
22	35285373	C	T	0.785	Ajore et al., 2022	Fine-mapping	MOLP8
2	173907932	G	A	0.286	Ajore et al., 2022	Fine-mapping	MOLP8
2	173929920	C	G	0.906	Ajore et al., 2022	Fine-mapping	MOLP8
2	173937568	T	C	0.296	Ajore et al., 2022	Fine-mapping	MOLP8
2	173953011	G	A	0.381	Ajore et al., 2022	Fine-mapping	MOLP8
2	173961650	T	C	0.913	Ajore et al., 2022	Fine-mapping	MOLP8
2	173885472	T	C	0.975	Ajore et al., 2022	Fine-mapping	MOLP8
20	48720636	T	A	0.841	Ajore et al., 2022	Fine-mapping	MOLP8
20	48732988	T	C	0.655	Ajore et al., 2022	Fine-mapping	MOLP8
7	151209367	T	C	0.73	Ajore et al., 2022	Fine-mapping	MOLP8
7	151211422	T	C	0.149	Ajore et al., 2022	Fine-mapping	MOLP8
7	151211671	C	A	0.865	Ajore et al., 2022	Fine-mapping	MOLP8
7	151211800	C	A	0.991	Ajore et al., 2022	Fine-mapping	MOLP8
7	151211963	A	G	0.699	Ajore et al., 2022	Fine-mapping	MOLP8
7	151225220	T	C	0.672	Ajore et al., 2022	Fine-mapping	MOLP8
7	151233277	C	T	0.268	Ajore et al., 2022	Fine-mapping	MOLP8
7	151250603	C	A	0.931	Ajore et al., 2022	Fine-mapping	MOLP8
7	151250992	A	T	0.75	Ajore et al., 2022	Fine-mapping	MOLP8
7	151252322	G	A	0.142	Ajore et al., 2022	Fine-mapping	MOLP8
7	151256119	C	A	0.903	Ajore et al., 2022	Fine-mapping	MOLP8
7	151256769	C	T	0.272	Ajore et al., 2022	Fine-mapping	MOLP8
7	106640054	G	A	0.64	Ajore et al., 2022	Fine-mapping	MOLP8
7	125064143	C	T	0.473	Ajore et al., 2022	Fine-mapping	MOLP8
17	16963463	C	G	0.522	Ajore et al., 2022	Fine-mapping	MOLP8
22	35272059	T	C	0.516	Ajore et al., 2022	Fine-mapping	MOLP8
22	35287245	T	C	0.732	Ajore et al., 2022	Fine-mapping	MOLP8
7	81835392	C	T	0.991	Ajore et al., 2022	Fine-mapping	MOLP8
5	95927800	C	T	0.814	Ajore et al., 2022	Fine-mapping	MOLP8
17	16951166	G	A	0.975	Ajore et al., 2022	Fine-mapping	MOLP8
16	30829556	G	A	0.975	Ajore et al., 2022	Fine-mapping	MOLP8
7	21897080	A	C	0.603	Ajore et al., 2022	Fine-mapping	MOLP8
2	173951933	C	G	0.896	Ajore et al., 2022	Fine-mapping	MOLP8
2	25390277	T	C	0.473	Ajore et al., 2022	Fine-mapping	MOLP8
2	173963364	G	C	0.701	Ajore et al., 2022	Fine-mapping	MOLP8
22	35273816	C	T	0	Ajore et al., 2022	Fine-mapping	MOLP8
3	169794357	C	A	0.655	Ajore et al., 2022	Fine-mapping	MOLP8
3	169791127	T	C	0.0511	Ajore et al., 2022	Fine-mapping	MOLP8
3	169791456	G	A	0.833	Ajore et al., 2022	Fine-mapping	MOLP8
3	169794453	G	A	0.643	Ajore et al., 2022	Fine-mapping	MOLP8
7	124907490	GT	G	0.625	Ajore et al., 2022	Fine-mapping	MOLP8
5	95901661	A	C	0.981	Ajore et al., 2022	Fine-mapping	MOLP8
5	123419782	C	T	0.953	Ajore et al., 2022	Fine-mapping	MOLP8
5	123419868	C	T	0.0419	Ajore et al., 2022	Fine-mapping	MOLP8
5	123419912	G	A	0.23	Ajore et al., 2022	Fine-mapping	MOLP8
5	123340831	T	G	0.991	Ajore et al., 2022	Fine-mapping	MOLP8
5	123397623	G	A	0.828	Ajore et al., 2022	Fine-mapping	MOLP8
5	123403727	G	C	0.906	Ajore et al., 2022	Fine-mapping	MOLP8
5	123404041	A	G	0.732	Ajore et al., 2022	Fine-mapping	MOLP8
5	123329930	T	C	0.998	Ajore et al., 2022	Fine-mapping	MOLP8
5	123404257	C	G	0.244	Ajore et al., 2022	Fine-mapping	MOLP8
5	95901336	C	T	0.841	Ajore et al., 2022	Fine-mapping	MOLP8
5	123404300	G	T	0.701	Ajore et al., 2022	Fine-mapping	MOLP8
5	123347977	A	C	0.457	Ajore et al., 2022	Fine-mapping	MOLP8
5	123340677	C	T	0.701	Ajore et al., 2022	Fine-mapping	MOLP8
5	123418722	A	G	0.956	Ajore et al., 2022	Fine-mapping	MOLP8
5	123330036	G	A	0.914	Ajore et al., 2022	Fine-mapping	MOLP8
5	123352540	C	G	0.8	Ajore et al., 2022	Fine-mapping	MOLP8
3	169770732	G	T	0.991	Ajore et al., 2022	Fine-mapping	MOLP8
7	124796009	T	G	0.665	Ajore et al., 2022	Fine-mapping	MOLP8
6	106234115	G	A	0	Ajore et al., 2022	Fine-mapping	MOLP8
7	151253854	G	A	0.991	Ajore et al., 2022	Fine-mapping	MOLP8
7	151218862	C	T	0.865	Ajore et al., 2022	Fine-mapping	MOLP8
7	21887464	G	C	0.979	Ajore et al., 2022	Fine-mapping	MOLP8
7	125037489	G	T	0.636	Ajore et al., 2022	Fine-mapping	MOLP8
7	124819798	C	T	0.683	Ajore et al., 2022	Fine-mapping	MOLP8
7	124789899	G	T	0.412	Ajore et al., 2022	Fine-mapping	MOLP8
7	124843742	C	A	0.688	Ajore et al., 2022	Fine-mapping	MOLP8
22	39152733	A	AGCTCCGCCCCCGA	0.543	Ajore et al., 2022	Fine-mapping	MOLP8
7	124843168	T	C	0.363	Ajore et al., 2022	Fine-mapping	MOLP8
7	124793025	G	A	0.98	Ajore et al., 2022	Fine-mapping	MOLP8
7	125005049	C	T	0.895	Ajore et al., 2022	Fine-mapping	MOLP8
7	151222743	G	A	0.922	Ajore et al., 2022	Fine-mapping	MOLP8
7	151247216	G	A	0	Ajore et al., 2022	Fine-mapping	MOLP8
10	28646220	T	C	0.619	Ajore et al., 2022	Fine-mapping	MOLP8
7	124979966	T	C	0.916	Ajore et al., 2022	Fine-mapping	MOLP8
22	39132435	A	G	0.974	Ajore et al., 2022	Fine-mapping	MOLP8
7	21901342	A	G	0.296	Ajore et al., 2022	Fine-mapping	MOLP8
16	30680887	T	C	0.129	Ajore et al., 2022	Fine-mapping	MOLP8
16	74627261	T	C	0.75	Ajore et al., 2022	Fine-mapping	MOLP8
16	30676588	A	G	0.23	Ajore et al., 2022	Fine-mapping	MOLP8
16	74613307	T	C	0.226	Ajore et al., 2022	Fine-mapping	MOLP8
16	30677091	C	T	0.359	Ajore et al., 2022	Fine-mapping	MOLP8
16	30677263	C	T	0.458	Ajore et al., 2022	Fine-mapping	MOLP8
16	30714927	C	T	0.714	Ajore et al., 2022	Fine-mapping	MOLP8
16	30692991	T	G	0.73	Ajore et al., 2022	Fine-mapping	MOLP8
16	30797742	G	A	0.826	Ajore et al., 2022	Fine-mapping	MOLP8
16	30857164	A	G	0.992	Ajore et al., 2022	Fine-mapping	MOLP8
22	35277108	C	G	0.0829	Ajore et al., 2022	Fine-mapping	MOLP8
22	35278784	G	A	0.974	Ajore et al., 2022	Fine-mapping	MOLP8
22	35278918	G	A	0.991	Ajore et al., 2022	Fine-mapping	MOLP8
22	39146287	G	A	0.998	Ajore et al., 2022	Fine-mapping	MOLP8
16	30661398	T	C	0.0803	Ajore et al., 2022	Fine-mapping	MOLP8
5	95928948	A	C	0.363	Ajore et al., 2022	Fine-mapping	MOLP8
5	123400056	A	T	0.000367	Ajore et al., 2022	Fine-mapping	MOLP8
7	81819555	T	C	0.841	Ajore et al., 2022	Fine-mapping	MOLP8
22	35281708	T	C	0.522	Ajore et al., 2022	Fine-mapping	MOLP8
5	95916890	C	A	0.225	Ajore et al., 2022	Fine-mapping	MOLP8
22	35276190	G	A	0.296	Ajore et al., 2022	Fine-mapping	MOLP8
11	69648142	G	A	0.986	Ajore et al., 2022	Fine-mapping	MOLP8
6	106219660	T	G	0.785	Ajore et al., 2022	Fine-mapping	MOLP8
6	106286214	A	G	0.988	Ajore et al., 2022	Fine-mapping	MOLP8
6	106207742	T	C	0.665	Ajore et al., 2022	Fine-mapping	MOLP8
6	106284272	T	G	0.656	Ajore et al., 2022	Fine-mapping	MOLP8
6	106306554	A	G	0.73	Ajore et al., 2022	Fine-mapping	MOLP8
6	106330509	A	G	0.916	Ajore et al., 2022	Fine-mapping	MOLP8
6	106189027	T	C	0.916	Ajore et al., 2022	Fine-mapping	MOLP8
6	106226756	A	G	0.975	Ajore et al., 2022	Fine-mapping	MOLP8
6	409119	A	G	0.991	Ajore et al., 2022	Fine-mapping	MOLP8
6	412802	G	A	0.156	Ajore et al., 2022	Fine-mapping	MOLP8
6	106202947	G	C	0.701	Ajore et al., 2022	Fine-mapping	MOLP8
6	106261086	G	A	0.0543	Ajore et al., 2022	Fine-mapping	MOLP8
6	106307720	G	C	0.988	Ajore et al., 2022	Fine-mapping	MOLP8
6	106207543	A	G	0.714	Ajore et al., 2022	Fine-mapping	MOLP8
22	35274744	G	C	0.619	Ajore et al., 2022	Fine-mapping	MOLP8
22	35261293	A	G	0.473	Ajore et al., 2022	Fine-mapping	MOLP8
22	35271468	A	G	0.749	Ajore et al., 2022	Fine-mapping	MOLP8
7	124873301	G	C	0.269	Ajore et al., 2022	Fine-mapping	MOLP8
5	95896847	G	A	0.791	Ajore et al., 2022	Fine-mapping	MOLP8
5	123401728	A	C	0.996	Ajore et al., 2022	Fine-mapping	MOLP8
5	123401804	C	T	0.656	Ajore et al., 2022	Fine-mapping	MOLP8
3	169804599	G	C	0.895	Ajore et al., 2022	Fine-mapping	MOLP8
3	169810735	G	T	0.681	Ajore et al., 2022	Fine-mapping	MOLP8
3	169776839	A	G	0.814	Ajore et al., 2022	Fine-mapping	MOLP8
3	169769863	C	A	0.699	Ajore et al., 2022	Fine-mapping	MOLP8
3	169793001	G	A	0.997	Ajore et al., 2022	Fine-mapping	MOLP8
3	169799648	C	T	0.784	Ajore et al., 2022	Fine-mapping	MOLP8
7	124769760	C	T	0.737	Ajore et al., 2022	Fine-mapping	MOLP8
7	124772832	A	G	0.974	Ajore et al., 2022	Fine-mapping	MOLP8
16	30800570	G	A	0.701	Ajore et al., 2022	Fine-mapping	MOLP8
16	30732201	C	T	0.531	Ajore et al., 2022	Fine-mapping	MOLP8
5	123381221	A	C	0.975	Ajore et al., 2022	Fine-mapping	MOLP8
5	95911401	A	G	0.796	Ajore et al., 2022	Fine-mapping	MOLP8
