4	99134649	C	T	0.001780411	"Duan et al., 2023"	Fine-mapping
8	11157828	C	T	0.00010577	"Duan et al., 2023"	Fine-mapping
8	120862399	C	T	0.000217382	"Duan et al., 2023"	Fine-mapping
2	145617852	C	T	0.009734478	"Duan et al., 2023"	Fine-mapping
2	218593008	C	T	0.0012849	"Duan et al., 2023"	Fine-mapping
2	164656581	C	T	0.005666324	"Duan et al., 2023"	Fine-mapping
19	7224339	C	T	8.47799e-06	"Duan et al., 2023"	Fine-mapping
19	8387995	C	T	0.000251719	"Duan et al., 2023"	Fine-mapping
19	44909976	T	G	0.001068367	"Duan et al., 2023"	Fine-mapping
11	65690726	C	T	0.006255358	"Duan et al., 2023"	Fine-mapping
11	48509672	A	T	0.000450679	"Duan et al., 2023"	Fine-mapping
15	58431280	C	T	3.23189e-05	"Duan et al., 2023"	Fine-mapping
1	39229483	A	G	0.000790174	"Duan et al., 2023"	Fine-mapping
1	178544760	T	G	0.000102273	"Duan et al., 2023"	Fine-mapping
11	47253513	A	G	1.09314e-06	"Duan et al., 2023"	Fine-mapping
11	48474925	A	G	0.000305382	"Duan et al., 2023"	Fine-mapping
11	48561877	C	T	0.008598366	"Duan et al., 2023"	Fine-mapping
11	48563062	T	G	0.00123294	"Duan et al., 2023"	Fine-mapping
11	48568171	C	G	0.001672731	"Duan et al., 2023"	Fine-mapping
1	93396463	C	T	4.77552e-06	"Duan et al., 2023"	Fine-mapping
1	39157635	A	T	0.006962136	"Duan et al., 2023"	Fine-mapping
1	62689678	A	G	1.88536e-07	"Duan et al., 2023"	Fine-mapping
11	48516751	A	C	2.43774e-06	"Duan et al., 2023"	Fine-mapping
11	48574421	T	G	0.007423873	"Duan et al., 2023"	Fine-mapping
11	48598859	C	T	1.4461e-05	"Duan et al., 2023"	Fine-mapping
11	48600594	C	T	0.001310633	"Duan et al., 2023"	Fine-mapping
11	48604926	C	T	0.004221026	"Duan et al., 2023"	Fine-mapping
12	123965282	A	G	0.002346803	"Duan et al., 2023"	Fine-mapping
17	67839336	A	T	0.000137015	"Duan et al., 2023"	Fine-mapping
11	48448847	C	T	0.000741142	"Duan et al., 2023"	Fine-mapping
3	12339666	C	T	1.58091e-05	"Duan et al., 2023"	Fine-mapping
3	47448395	C	G	0.000233487	"Duan et al., 2023"	Fine-mapping
1	93164953	C	T	1.88541e-05	"Duan et al., 2023"	Fine-mapping
1	156748656	C	G	0.000676452	"Duan et al., 2023"	Fine-mapping
20	31552078	T	G	4.34246e-05	"Duan et al., 2023"	Fine-mapping
1	150015469	C	T	2.84388e-05	"Duan et al., 2023"	Fine-mapping
16	67795724	C	G	0.001876332	"Duan et al., 2023"	Fine-mapping
4	99097341	C	G	2.99477e-05	"Duan et al., 2023"	Fine-mapping
8	142415763	C	T	0.000165226	"Duan et al., 2023"	Fine-mapping
11	48389082	C	T	0.000394642	"Duan et al., 2023"	Fine-mapping
11	54550524	C	T	0.000288496	"Duan et al., 2023"	Fine-mapping
4	99087181	C	G	0.000800314	"Duan et al., 2023"	Fine-mapping
19	11198596	C	T	0.003562049	"Duan et al., 2023"	Fine-mapping
17	39659646	A	G	3.08549e-09	"Duan et al., 2023"	Fine-mapping
20	25260709	C	G	0.000519529	"Duan et al., 2023"	Fine-mapping
4	875381	A	G	1.85394e-11	"Duan et al., 2023"	Fine-mapping
4	875386	A	G	0.000356014	"Duan et al., 2023"	Fine-mapping
5	133076607	A	G	4.80055e-08	"Duan et al., 2023"	Fine-mapping
6	34792959	C	T	9.23806e-05	"Duan et al., 2023"	Fine-mapping
10	102240251	A	G	0.000196754	"Duan et al., 2023"	Fine-mapping
3	46969001	A	G	3.9454e-06	"Duan et al., 2023"	Fine-mapping
3	47220756	A	C	2.44886e-05	"Duan et al., 2023"	Fine-mapping
6	34582033	C	T	0.002345476	"Duan et al., 2023"	Fine-mapping
1	219461211	T	G	0.008098343	"Duan et al., 2023"	Fine-mapping
1	39578100	A	G	0.002935563	"Duan et al., 2023"	Fine-mapping
11	78392254	A	G	0.00071511	"Duan et al., 2023"	Fine-mapping
11	13344041	C	T	1.06866e-06	"Duan et al., 2023"	Fine-mapping
11	78343290	C	T	7.76273e-05	"Duan et al., 2023"	Fine-mapping
11	116742944	C	T	0.008978448	"Duan et al., 2023"	Fine-mapping
12	123997709	C	T	1.87258e-07	"Duan et al., 2023"	Fine-mapping
11	48603289	A	C	1.83953e-05	"Duan et al., 2023"	Fine-mapping
11	78322126	A	G	0.000761126	"Duan et al., 2023"	Fine-mapping
16	68171151	A	G	1.96308e-07	"Duan et al., 2023"	Fine-mapping
17	67829238	C	T	7.05233e-08	"Duan et al., 2023"	Fine-mapping
3	120049399	T	G	0.003644751	"Duan et al., 2023"	Fine-mapping
3	142936448	A	G	0.001907589	"Duan et al., 2023"	Fine-mapping
1	26811902	C	T	0.000769625	"Duan et al., 2023"	Fine-mapping
12	124010656	C	G	0.001097198	"Duan et al., 2023"	Fine-mapping
17	59912196	A	G	0.003268305	"Duan et al., 2023"	Fine-mapping
17	543314	C	T	0.001598327	"Duan et al., 2023"	Fine-mapping
17	537247	A	G	1.45694e-09	"Duan et al., 2023"	Fine-mapping
2	218462307	C	G	0.00095934	"Duan et al., 2023"	Fine-mapping
3	49987595	A	G	2.18371e-05	"Duan et al., 2023"	Fine-mapping
3	12308425	C	T	5.62482e-05	"Duan et al., 2023"	Fine-mapping
3	123342321	A	G	0.007575635	"Duan et al., 2023"	Fine-mapping
4	99091152	T	G	0.007128977	"Duan et al., 2023"	Fine-mapping
4	99137576	C	T	0.000196267	"Duan et al., 2023"	Fine-mapping
6	28092461	C	T	0.005377917	"Duan et al., 2023"	Fine-mapping
7	73611645	A	G	5.75874e-06	"Duan et al., 2023"	Fine-mapping
22	38177582	C	T	0.007216678	"Duan et al., 2023"	Fine-mapping
11	78360830	A	G	0.001571343	"Duan et al., 2023"	Fine-mapping
2	226268504	C	T	0.008707688	"Duan et al., 2023"	Fine-mapping
17	599353	A	G	0.001226184	"Duan et al., 2023"	Fine-mapping
16	68199247	A	G	0.004967234	"Duan et al., 2023"	Fine-mapping
4	156723644	C	T	6.27913e-13	"Duan et al., 2023"	Fine-mapping
19	11532262	A	G	0.001933967	"Duan et al., 2023"	Fine-mapping
2	226276271	A	G	0.000350221	"Duan et al., 2023"	Fine-mapping
15	58391167	A	G	0.00247971	"Duan et al., 2023"	Fine-mapping
1	93339395	A	G	1.18907e-05	"Duan et al., 2023"	Fine-mapping
6	34816594	C	T	0.005177016	"Duan et al., 2023"	Fine-mapping
11	78390654	C	T	0.009529103	"Duan et al., 2023"	Fine-mapping
1	93392817	A	G	0.007076828	"Duan et al., 2023"	Fine-mapping
5	141990892	C	T	0.001978512	"Duan et al., 2023"	Fine-mapping
10	121158752	A	C	0.008266492	"Duan et al., 2023"	Fine-mapping
19	19551411	C	T	1.55631e-06	"Duan et al., 2023"	Fine-mapping
1	182171050	C	G	1.02911e-07	"Duan et al., 2023"	Fine-mapping
11	61812288	C	T	6.44263e-05	"Duan et al., 2023"	Fine-mapping
1	39570014	C	T	0.000564325	"Duan et al., 2023"	Fine-mapping
17	43802176	A	G	0.000142863	"Duan et al., 2023"	Fine-mapping
3	47502513	A	C	0.00052229	"Duan et al., 2023"	Fine-mapping
14	103819873	C	T	0.00142715	"Duan et al., 2023"	Fine-mapping
18	23553120	A	G	0.00534498	"Duan et al., 2023"	Fine-mapping
9	83894415	C	T	6.96974e-05	"Duan et al., 2023"	Fine-mapping
8	22613197	A	G	1.96105e-11	"Duan et al., 2023"	Fine-mapping
20	25311190	A	G	2.99402e-13	"Duan et al., 2023"	Fine-mapping
1	26661155	A	G	0.001806945	"Duan et al., 2023"	Fine-mapping
11	78259517	T	G	0.002953406	"Duan et al., 2023"	Fine-mapping
7	12244161	A	G	1.78677e-06	"Duan et al., 2023"	Fine-mapping
10	100266802	C	G	0.000376101	"Duan et al., 2023"	Fine-mapping
19	8374818	C	T	5.15111e-06	"Duan et al., 2023"	Fine-mapping
8	115576099	A	C	0.002038203	"Duan et al., 2023"	Fine-mapping
15	63502080	T	G	0.001471543	"Duan et al., 2023"	Fine-mapping
3	50122676	A	G	0.00488682	"Duan et al., 2023"	Fine-mapping
22	38175556	A	G	0.000157873	"Duan et al., 2023"	Fine-mapping
5	73624062	A	G	0.000120305	"Duan et al., 2023"	Fine-mapping
8	9324101	A	G	8.11078e-05	"Duan et al., 2023"	Fine-mapping
2	226230504	A	C	0.004151191	"Duan et al., 2023"	Fine-mapping
2	102019111	A	G	0.000371323	"Duan et al., 2023"	Fine-mapping
20	25296044	C	G	7.18628e-08	"Duan et al., 2023"	Fine-mapping
20	25281148	A	G	5.35024e-05	"Duan et al., 2023"	Fine-mapping
22	38147446	C	T	0.00282942	"Duan et al., 2023"	Fine-mapping
20	31580833	A	G	5.43894e-06	"Duan et al., 2023"	Fine-mapping
20	25434588	A	G	0.006528247	"Duan et al., 2023"	Fine-mapping
20	25489692	C	G	0.005140387	"Duan et al., 2023"	Fine-mapping
20	25328345	C	T	4.47212e-06	"Duan et al., 2023"	Fine-mapping
20	25369194	C	T	1.48978e-05	"Duan et al., 2023"	Fine-mapping
6	34737753	A	C	0.0008845	"Duan et al., 2023"	Fine-mapping
11	78242129	A	C	0.000533369	"Duan et al., 2023"	Fine-mapping
11	78255053	A	G	0.00132667	"Duan et al., 2023"	Fine-mapping
11	78260901	C	T	8.2432e-07	"Duan et al., 2023"	Fine-mapping
11	78261415	T	G	0.001767643	"Duan et al., 2023"	Fine-mapping
11	78275325	A	T	0.006374735	"Duan et al., 2023"	Fine-mapping
5	141984544	T	G	4.59172e-05	"Duan et al., 2023"	Fine-mapping
5	141959957	A	G	0.000633433	"Duan et al., 2023"	Fine-mapping
5	142002285	C	T	0.009372078	"Duan et al., 2023"	Fine-mapping
6	31360765	A	G	0.004942791	"Duan et al., 2023"	Fine-mapping
5	73592455	T	G	0.002906676	"Duan et al., 2023"	Fine-mapping
4	99102793	C	T	5.2364e-07	"Duan et al., 2023"	Fine-mapping
4	99117881	C	G	0.000201405	"Duan et al., 2023"	Fine-mapping
4	99119501	A	G	0.000166765	"Duan et al., 2023"	Fine-mapping
4	99119502	C	T	0.000335704	"Duan et al., 2023"	Fine-mapping
2	226271304	C	T	0.007783194	"Duan et al., 2023"	Fine-mapping
2	226286880	A	G	0.009092847	"Duan et al., 2023"	Fine-mapping
2	226291929	C	G	6.27754e-05	"Duan et al., 2023"	Fine-mapping
11	64098200	A	G	0.007298021	"Duan et al., 2023"	Fine-mapping
6	34613859	T	G	0.002455113	"Duan et al., 2023"	Fine-mapping
15	39156802	C	T	0.000361215	"Duan et al., 2023"	Fine-mapping
6	34746545	A	G	0.007962481	"Duan et al., 2023"	Fine-mapping
1	219544432	A	C	0.002618911	"Duan et al., 2023"	Fine-mapping
6	34688945	A	G	5.16641e-07	"Duan et al., 2023"	Fine-mapping
6	34729602	C	T	0.000709699	"Duan et al., 2023"	Fine-mapping
6	34739174	C	T	0.000313353	"Duan et al., 2023"	Fine-mapping
6	34599198	C	T	3.01699e-07	"Duan et al., 2023"	Fine-mapping
6	34629736	C	T	0.001754409	"Duan et al., 2023"	Fine-mapping
6	34640703	C	T	9.39669e-05	"Duan et al., 2023"	Fine-mapping
6	34653537	C	T	0.001294927	"Duan et al., 2023"	Fine-mapping
1	219580167	C	T	0.000511305	"Duan et al., 2023"	Fine-mapping
21	34968099	A	G	0.000120606	"Duan et al., 2023"	Fine-mapping
11	61822009	A	G	0.004257616	"Duan et al., 2023"	Fine-mapping
6	31289734	A	C	0.007623521	"Duan et al., 2023"	Fine-mapping
5	133100700	A	C	0.003606996	"Duan et al., 2023"	Fine-mapping
18	49647940	C	T	2.03155e-06	"Duan et al., 2023"	Fine-mapping
3	11453070	A	G	0.006740162	"Duan et al., 2023"	Fine-mapping
20	31510796	C	T	4.37821e-05	"Duan et al., 2023"	Fine-mapping
2	65065436	T	G	1.37669e-14	"Duan et al., 2023"	Fine-mapping
3	47294391	A	C	0.002537793	"Duan et al., 2023"	Fine-mapping
15	101369394	C	T	0.000118092	"Duan et al., 2023"	Fine-mapping
2	226252982	C	G	0.000572574	"Duan et al., 2023"	Fine-mapping
20	25352270	A	G	0.003740572	"Duan et al., 2023"	Fine-mapping
20	25322743	C	G	0.0044327	"Duan et al., 2023"	Fine-mapping
18	23496800	T	G	0.006173312	"Duan et al., 2023"	Fine-mapping
6	29243665	C	T	0.003072449	"Duan et al., 2023"	Fine-mapping
6	29185378	A	G	0.005946026	"Duan et al., 2023"	Fine-mapping
6	29128131	A	G	0.001763627	"Duan et al., 2023"	Fine-mapping
6	28883795	C	T	0.007346554	"Duan et al., 2023"	Fine-mapping
6	28889112	A	T	0.004650902	"Duan et al., 2023"	Fine-mapping
2	102012047	C	T	0.004851965	"Duan et al., 2023"	Fine-mapping
1	26746275	A	T	0.000343989	"Duan et al., 2023"	Fine-mapping
1	213985643	C	G	1.36839e-05	"Duan et al., 2023"	Fine-mapping
1	72284787	A	G	0.008567517	"Duan et al., 2023"	Fine-mapping
6	34785562	C	T	0.003725408	"Duan et al., 2023"	Fine-mapping
6	28394532	A	G	1.0014e-06	"Duan et al., 2023"	Fine-mapping
1	26728289	C	G	0.002770503	"Duan et al., 2023"	Fine-mapping
1	72280279	A	G	0.000720886	"Duan et al., 2023"	Fine-mapping
1	26673744	A	G	0.005066193	"Duan et al., 2023"	Fine-mapping
12	123966957	A	G	3.69257e-06	"Duan et al., 2023"	Fine-mapping
1	26947604	A	G	9.55235e-09	"Duan et al., 2023"	Fine-mapping
1	26690834	C	T	0.000387776	"Duan et al., 2023"	Fine-mapping
4	99140411	C	T	0.007121085	"Duan et al., 2023"	Fine-mapping
1	26934948	C	T	0.004564308	"Duan et al., 2023"	Fine-mapping
6	29966177	A	G	0.005278789	"Duan et al., 2023"	Fine-mapping
6	30006211	C	G	0.001200775	"Duan et al., 2023"	Fine-mapping
6	30060700	C	T	0.007069666	"Duan et al., 2023"	Fine-mapping
3	49999690	C	G	0.000249511	"Duan et al., 2023"	Fine-mapping
4	87093601	A	G	0.001709237	"Duan et al., 2023"	Fine-mapping
5	141998571	T	G	0.000887745	"Duan et al., 2023"	Fine-mapping
7	12210776	A	G	5.10768e-08	"Duan et al., 2023"	Fine-mapping
12	57454856	A	G	0.000675055	"Duan et al., 2023"	Fine-mapping
17	47673230	A	G	0.004223615	"Duan et al., 2023"	Fine-mapping
9	104894789	A	G	0.002976536	"Duan et al., 2023"	Fine-mapping
20	25467260	A	G	2.27572e-10	"Duan et al., 2023"	Fine-mapping
17	47590184	A	G	0.004068536	"Duan et al., 2023"	Fine-mapping
8	20011855	T	G	0.009677428	"Duan et al., 2023"	Fine-mapping
9	104879930	C	T	3.70267e-05	"Duan et al., 2023"	Fine-mapping
17	47678444	A	G	0.000384541	"Duan et al., 2023"	Fine-mapping
11	78354913	T	G	0.009660505	"Duan et al., 2023"	Fine-mapping
3	11373686	T	G	0.009064473	"Duan et al., 2023"	Fine-mapping
17	47629845	C	T	0.000245335	"Duan et al., 2023"	Fine-mapping
20	45909845	T	G	2.8035e-07	"Duan et al., 2023"	Fine-mapping
12	123951241	A	T	4.0149e-05	"Duan et al., 2023"	Fine-mapping
11	78302446	A	C	0.00078261	"Duan et al., 2023"	Fine-mapping
17	47704433	A	G	0.000397754	"Duan et al., 2023"	Fine-mapping
2	145597888	C	T	0.004550449	"Duan et al., 2023"	Fine-mapping
3	50026991	A	G	0.004219213	"Duan et al., 2023"	Fine-mapping
4	87086075	C	T	0.002956269	"Duan et al., 2023"	Fine-mapping
15	72740427	A	G	2.40629e-05	"Duan et al., 2023"	Fine-mapping
19	7223837	T	G	0.003645059	"Duan et al., 2023"	Fine-mapping
20	25424550	A	C	0.003317907	"Duan et al., 2023"	Fine-mapping
2	218563576	C	T	0.007679529	"Duan et al., 2023"	Fine-mapping
11	48594414	C	G	0.000425624	"Duan et al., 2023"	Fine-mapping
11	48536133	C	T	7.55516e-07	"Duan et al., 2023"	Fine-mapping
11	48551977	C	T	0.009228565	"Duan et al., 2023"	Fine-mapping
16	30970904	A	G	0.000686343	"Duan et al., 2023"	Fine-mapping
12	123939053	C	G	0.003719967	"Duan et al., 2023"	Fine-mapping
17	78397291	A	G	7.62371e-08	"Duan et al., 2023"	Fine-mapping
2	218464762	C	T	0.009388885	"Duan et al., 2023"	Fine-mapping
2	218537648	A	G	0.009322235	"Duan et al., 2023"	Fine-mapping
2	218569485	C	T	0.00894787	"Duan et al., 2023"	Fine-mapping
2	218527436	A	G	0.001269583	"Duan et al., 2023"	Fine-mapping
8	142782834	C	G	0.00038495	"Duan et al., 2023"	Fine-mapping
19	11533137	C	T	1.34895e-08	"Duan et al., 2023"	Fine-mapping
5	133069043	C	T	0.000183107	"Duan et al., 2023"	Fine-mapping
16	67784351	A	G	0.000572271	"Duan et al., 2023"	Fine-mapping
22	38186490	A	G	0.000318162	"Duan et al., 2023"	Fine-mapping
22	21576488	C	T	0.000111197	"Duan et al., 2023"	Fine-mapping
14	106403601	A	G	0.000265118	"Duan et al., 2023"	Fine-mapping
19	19615213	A	G	0.004413937	"Duan et al., 2023"	Fine-mapping
20	45932181	C	T	0.002374587	"Duan et al., 2023"	Fine-mapping
5	141979544	T	G	0.000224349	"Duan et al., 2023"	Fine-mapping
6	126856980	C	T	0.005434501	"Duan et al., 2023"	Fine-mapping
20	31531024	C	G	0.003078199	"Duan et al., 2023"	Fine-mapping
20	31562476	A	G	2.16863e-05	"Duan et al., 2023"	Fine-mapping
20	31604586	A	G	2.60401e-06	"Duan et al., 2023"	Fine-mapping
20	31522719	C	G	1.46458e-10	"Duan et al., 2023"	Fine-mapping
20	31529302	A	G	0.005436957	"Duan et al., 2023"	Fine-mapping
20	31529545	C	T	0.000194462	"Duan et al., 2023"	Fine-mapping
20	31540782	A	G	0.002302881	"Duan et al., 2023"	Fine-mapping
20	31543431	A	T	0.00267573	"Duan et al., 2023"	Fine-mapping
20	31560296	C	T	7.63115e-05	"Duan et al., 2023"	Fine-mapping
20	31588991	A	G	0.000226247	"Duan et al., 2023"	Fine-mapping
20	31595466	C	T	2.00237e-08	"Duan et al., 2023"	Fine-mapping
20	31603141	A	G	0.003676895	"Duan et al., 2023"	Fine-mapping
20	25363362	C	G	1.06384e-12	"Duan et al., 2023"	Fine-mapping
20	25423905	C	T	0.004776593	"Duan et al., 2023"	Fine-mapping
20	31523837	C	T	4.63791e-17	"Duan et al., 2023"	Fine-mapping
20	31623392	A	C	8.30505e-09	"Duan et al., 2023"	Fine-mapping
20	25248928	A	C	1.49855e-07	"Duan et al., 2023"	Fine-mapping
20	25392255	A	C	0.00030384	"Duan et al., 2023"	Fine-mapping
20	25527369	A	G	0.006656924	"Duan et al., 2023"	Fine-mapping
20	25569736	A	G	3.60369e-08	"Duan et al., 2023"	Fine-mapping
20	31619856	T	G	0.005345797	"Duan et al., 2023"	Fine-mapping
20	25241927	C	T	0.001275626	"Duan et al., 2023"	Fine-mapping
20	25235646	C	T	1.57812e-06	"Duan et al., 2023"	Fine-mapping
20	25262674	C	T	0.003974624	"Duan et al., 2023"	Fine-mapping
1	39501551	A	G	0.005842502	"Duan et al., 2023"	Fine-mapping
15	63498864	C	T	7.75139e-06	"Duan et al., 2023"	Fine-mapping
15	63499029	A	G	7.00768e-06	"Duan et al., 2023"	Fine-mapping
17	47362903	C	T	0.000529855	"Duan et al., 2023"	Fine-mapping
17	78374815	C	T	4.23186e-05	"Duan et al., 2023"	Fine-mapping
17	67863117	A	C	0.009754025	"Duan et al., 2023"	Fine-mapping
19	8387729	T	G	0.006815775	"Duan et al., 2023"	Fine-mapping
3	46954958	A	G	0.000831166	"Duan et al., 2023"	Fine-mapping
3	47522972	C	G	2.19647e-06	"Duan et al., 2023"	Fine-mapping
5	133067046	C	T	1.64648e-05	"Duan et al., 2023"	Fine-mapping
6	139516301	A	G	0.003561452	"Duan et al., 2023"	Fine-mapping
11	48558158	T	G	3.19797e-06	"Duan et al., 2023"	Fine-mapping
11	48630109	C	T	0.00129533	"Duan et al., 2023"	Fine-mapping
16	68071571	A	C	0.005893445	"Duan et al., 2023"	Fine-mapping
18	23521492	A	C	0.008236286	"Duan et al., 2023"	Fine-mapping
4	99121070	C	T	0.004431282	"Duan et al., 2023"	Fine-mapping
4	99121091	A	G	2.27627e-10	"Duan et al., 2023"	Fine-mapping
3	36958091	A	T	0.006636001	"Duan et al., 2023"	Fine-mapping
8	11222505	C	T	2.61553e-08	"Duan et al., 2023"	Fine-mapping
1	219449254	A	G	0.003575474	"Duan et al., 2023"	Fine-mapping
2	218519661	C	G	4.58599e-05	"Duan et al., 2023"	Fine-mapping
9	15298668	C	T	8.4926e-12	"Duan et al., 2023"	Fine-mapping
4	88815050	C	T	0.007332588	"Duan et al., 2023"	Fine-mapping
4	88801914	A	G	0.008564849	"Duan et al., 2023"	Fine-mapping
4	99097060	C	G	0.000883102	"Duan et al., 2023"	Fine-mapping
4	99097109	A	G	0.00100245	"Duan et al., 2023"	Fine-mapping
5	73630689	A	G	4.54229e-05	"Duan et al., 2023"	Fine-mapping
5	133044624	C	T	4.50086e-05	"Duan et al., 2023"	Fine-mapping
5	133072939	C	T	0.0014835	"Duan et al., 2023"	Fine-mapping
6	29999965	C	T	0.006406023	"Duan et al., 2023"	Fine-mapping
6	30003654	A	G	0.00482024	"Duan et al., 2023"	Fine-mapping
6	30047292	A	G	0.009380079	"Duan et al., 2023"	Fine-mapping
6	34831444	A	T	0.004303792	"Duan et al., 2023"	Fine-mapping
6	34676499	T	G	0.005083055	"Duan et al., 2023"	Fine-mapping
6	34715858	A	G	0.00099633	"Duan et al., 2023"	Fine-mapping
8	8527137	C	G	0.003556455	"Duan et al., 2023"	Fine-mapping
8	143365185	A	G	0.005159447	"Duan et al., 2023"	Fine-mapping
11	65744586	T	G	0.002504418	"Duan et al., 2023"	Fine-mapping
11	78334025	C	G	0.002314851	"Duan et al., 2023"	Fine-mapping
12	123954426	C	G	0.00180331	"Duan et al., 2023"	Fine-mapping
15	39171966	A	G	0.007225815	"Duan et al., 2023"	Fine-mapping
16	68167975	A	G	0.003400215	"Duan et al., 2023"	Fine-mapping
17	47680232	A	G	0.00044552	"Duan et al., 2023"	Fine-mapping
18	49648519	T	G	6.72274e-07	"Duan et al., 2023"	Fine-mapping
18	22322905	C	T	0.000508066	"Duan et al., 2023"	Fine-mapping
1	39262975	C	G	2.30899e-10	"Duan et al., 2023"	Fine-mapping
1	39503387	C	T	0.000565888	"Duan et al., 2023"	Fine-mapping
20	31535464	A	G	0.009162303	"Duan et al., 2023"	Fine-mapping
5	133064067	A	G	0.003037548	"Duan et al., 2023"	Fine-mapping
5	173913493	T	G	0.002351558	"Duan et al., 2023"	Fine-mapping
2	218682304	T	G	3.45571e-05	"Duan et al., 2023"	Fine-mapping
12	123921324	A	G	0.002871679	"Duan et al., 2023"	Fine-mapping
20	45919662	C	T	0.000503299	"Duan et al., 2023"	Fine-mapping
20	31520843	T	G	0.007740129	"Duan et al., 2023"	Fine-mapping
16	68119297	A	G	0.000245103	"Duan et al., 2023"	Fine-mapping
11	48471678	C	G	0.009420492	"Duan et al., 2023"	Fine-mapping
8	143341050	C	T	4.8179e-06	"Duan et al., 2023"	Fine-mapping
16	68131046	A	G	0.000443323	"Duan et al., 2023"	Fine-mapping
3	12144899	C	T	0.001451685	"Duan et al., 2023"	Fine-mapping
10	102186723	C	G	6.24042e-11	"Duan et al., 2023"	Fine-mapping
16	68176965	C	T	0.000644422	"Duan et al., 2023"	Fine-mapping
2	110875340	A	G	1.46392e-06	"Duan et al., 2023"	Fine-mapping
16	68092732	A	C	0.001811433	"Duan et al., 2023"	Fine-mapping
16	68055675	A	C	0.005091528	"Duan et al., 2023"	Fine-mapping
20	31585293	C	G	0.000935219	"Duan et al., 2023"	Fine-mapping
2	218455162	C	G	0.000312151	"Duan et al., 2023"	Fine-mapping
3	11385981	A	G	0.008124636	"Duan et al., 2023"	Fine-mapping
5	133052376	T	G	1.10044e-07	"Duan et al., 2023"	Fine-mapping
5	173854682	C	T	0.000104439	"Duan et al., 2023"	Fine-mapping
6	34754882	A	G	3.43932e-05	"Duan et al., 2023"	Fine-mapping
6	30061136	A	G	8.5791e-06	"Duan et al., 2023"	Fine-mapping
11	65763638	C	G	4.61421e-06	"Duan et al., 2023"	Fine-mapping
7	73631153	C	T	1.49964e-06	"Duan et al., 2023"	Fine-mapping
8	11183138	A	G	6.72878e-09	"Duan et al., 2023"	Fine-mapping
8	22654555	C	T	0.005847474	"Duan et al., 2023"	Fine-mapping
20	45993859	C	T	0.00538974	"Duan et al., 2023"	Fine-mapping
1	149935365	C	T	3.73451e-07	"Duan et al., 2023"	Fine-mapping
16	68086703	A	G	2.97967e-08	"Duan et al., 2023"	Fine-mapping
3	119985505	C	T	0.000315647	"Duan et al., 2023"	Fine-mapping
11	48563579	T	G	8.23217e-10	"Duan et al., 2023"	Fine-mapping
11	48563970	C	T	0.000136868	"Duan et al., 2023"	Fine-mapping
12	123948159	C	T	3.81539e-05	"Duan et al., 2023"	Fine-mapping
11	46912709	C	G	2.24666e-05	"Duan et al., 2023"	Fine-mapping
16	68112956	C	G	0.007316213	"Duan et al., 2023"	Fine-mapping
16	68109695	T	G	2.59711e-10	"Duan et al., 2023"	Fine-mapping
16	67897923	C	T	1.19273e-15	"Duan et al., 2023"	Fine-mapping
16	11364614	A	T	0.005318302	"Duan et al., 2023"	Fine-mapping
17	47513800	A	G	9.29433e-05	"Duan et al., 2023"	Fine-mapping
17	47575925	T	G	0.001107717	"Duan et al., 2023"	Fine-mapping
18	23576629	A	G	6.26979e-05	"Duan et al., 2023"	Fine-mapping
3	47280643	C	T	0.005341803	"Duan et al., 2023"	Fine-mapping
20	25361821	A	G	0.00045733	"Duan et al., 2023"	Fine-mapping
17	66228657	C	T	5.26719e-06	"Duan et al., 2023"	Fine-mapping
3	47347457	A	T	1.52729e-06	"Duan et al., 2023"	Fine-mapping
7	6434442	C	T	0.000568262	"Duan et al., 2023"	Fine-mapping
12	124775721	A	G	0.003811912	"Duan et al., 2023"	Fine-mapping
22	38161319	C	T	1.49892e-05	"Duan et al., 2023"	Fine-mapping
18	23524007	T	G	0.00048045	"Duan et al., 2023"	Fine-mapping
19	54317424	A	C	3.78857e-06	"Duan et al., 2023"	Fine-mapping
6	29939253	C	T	0.000824383	"Duan et al., 2023"	Fine-mapping
6	29944729	A	G	0.000144263	"Duan et al., 2023"	Fine-mapping
6	29952789	C	T	0.002631514	"Duan et al., 2023"	Fine-mapping
6	29957219	C	T	0.001910996	"Duan et al., 2023"	Fine-mapping
6	29965032	C	T	6.96986e-12	"Duan et al., 2023"	Fine-mapping
6	29975804	A	C	0.005938433	"Duan et al., 2023"	Fine-mapping
6	29992416	C	T	3.42611e-05	"Duan et al., 2023"	Fine-mapping
6	29998972	C	G	0.003705838	"Duan et al., 2023"	Fine-mapping
6	30013601	C	T	0.00010975	"Duan et al., 2023"	Fine-mapping
6	30045995	C	T	0.003512375	"Duan et al., 2023"	Fine-mapping
6	30051877	C	T	2.94937e-09	"Duan et al., 2023"	Fine-mapping
6	30074891	C	T	0.00068023	"Duan et al., 2023"	Fine-mapping
6	30079726	T	G	1.88534e-05	"Duan et al., 2023"	Fine-mapping
6	30090464	A	T	0.002099717	"Duan et al., 2023"	Fine-mapping
6	30101748	T	G	0.000129862	"Duan et al., 2023"	Fine-mapping
3	123345984	C	T	0.006849611	"Duan et al., 2023"	Fine-mapping
3	50054793	A	G	0.008682649	"Duan et al., 2023"	Fine-mapping
6	34772013	A	C	0.00012859	"Duan et al., 2023"	Fine-mapping
6	34757038	C	T	1.0235e-05	"Duan et al., 2023"	Fine-mapping
6	34776357	A	G	8.99545e-07	"Duan et al., 2023"	Fine-mapping
6	34791163	C	T	0.000118587	"Duan et al., 2023"	Fine-mapping
12	123985191	A	G	0.002245175	"Duan et al., 2023"	Fine-mapping
3	49865111	A	G	6.30909e-09	"Duan et al., 2023"	Fine-mapping
3	11447165	C	T	0.001557845	"Duan et al., 2023"	Fine-mapping
3	52389985	A	G	0.000715008	"Duan et al., 2023"	Fine-mapping
3	11422256	A	G	0.001093147	"Duan et al., 2023"	Fine-mapping
4	68507689	C	T	0.00874145	"Duan et al., 2023"	Fine-mapping
16	53766842	A	G	0.000451395	"Duan et al., 2023"	Fine-mapping
16	56951227	A	G	0.000149422	"Duan et al., 2023"	Fine-mapping