3	50085984	A	G	1.9e-13	"Duan et al., 2023"	Fine-mapping
3	142936211	C	T	1.56e-08	"Duan et al., 2023"	Fine-mapping
3	47422632	A	G	0.00155	"Duan et al., 2023"	Fine-mapping
19	8387995	C	T	0.000646	"Duan et al., 2023"	Fine-mapping
5	133048367	A	G	0.000403	"Duan et al., 2023"	Fine-mapping
1	178544760	T	G	0.000615	"Duan et al., 2023"	Fine-mapping
1	62689678	A	G	7.08e-28	"Duan et al., 2023"	Fine-mapping
11	78307267	C	T	0.0039	"Duan et al., 2023"	Fine-mapping
11	48598859	C	T	0.000622	"Duan et al., 2023"	Fine-mapping
11	65693687	T	G	0.000546	"Duan et al., 2023"	Fine-mapping
11	64095140	A	G	0.00241	"Duan et al., 2023"	Fine-mapping
4	99097341	C	G	4.37e-05	"Duan et al., 2023"	Fine-mapping
1	39591871	A	G	3.36e-07	"Duan et al., 2023"	Fine-mapping
17	39659646	A	G	1.42e-06	"Duan et al., 2023"	Fine-mapping
6	34840117	T	G	2.8e-14	"Duan et al., 2023"	Fine-mapping
3	47220756	A	C	0.00444	"Duan et al., 2023"	Fine-mapping
1	62458187	A	G	1.57e-17	"Duan et al., 2023"	Fine-mapping
1	219461211	T	G	1.97e-06	"Duan et al., 2023"	Fine-mapping
1	62458192	C	T	0.00122	"Duan et al., 2023"	Fine-mapping
1	156736030	C	T	0.00131	"Duan et al., 2023"	Fine-mapping
4	99064872	C	G	0.00529	"Duan et al., 2023"	Fine-mapping
12	123997709	C	T	2.72e-07	"Duan et al., 2023"	Fine-mapping
17	67875482	A	G	0.000181	"Duan et al., 2023"	Fine-mapping
2	65118597	C	G	0.000755	"Duan et al., 2023"	Fine-mapping
16	68171151	A	G	1.77e-05	"Duan et al., 2023"	Fine-mapping
12	124010656	C	G	0.00459	"Duan et al., 2023"	Fine-mapping
5	56565532	A	G	0.00375	"Duan et al., 2023"	Fine-mapping
6	28161453	C	T	0.00407	"Duan et al., 2023"	Fine-mapping
16	67780249	A	C	9.13e-08	"Duan et al., 2023"	Fine-mapping
2	218673296	T	G	0.000772	"Duan et al., 2023"	Fine-mapping
4	156723644	C	T	2.4e-139	"Duan et al., 2023"	Fine-mapping
15	42157982	A	T	0.00113	"Duan et al., 2023"	Fine-mapping
1	93339395	A	G	0.00189	"Duan et al., 2023"	Fine-mapping
19	11239513	C	T	5.73e-05	"Duan et al., 2023"	Fine-mapping
16	67894139	A	G	0.0053	"Duan et al., 2023"	Fine-mapping
19	19551411	C	T	4.63e-06	"Duan et al., 2023"	Fine-mapping
1	182171050	C	G	2.85e-06	"Duan et al., 2023"	Fine-mapping
3	157079820	C	T	0.000762	"Duan et al., 2023"	Fine-mapping
8	22613197	A	G	1.13e-71	"Duan et al., 2023"	Fine-mapping
1	11836545	C	T	8.59e-07	"Duan et al., 2023"	Fine-mapping
20	25285236	C	T	1.92e-05	"Duan et al., 2023"	Fine-mapping
8	11219126	T	G	9.66e-13	"Duan et al., 2023"	Fine-mapping
22	38172937	A	T	0.00285	"Duan et al., 2023"	Fine-mapping
6	127147043	A	G	0.00362	"Duan et al., 2023"	Fine-mapping
11	78260901	C	T	0.000486	"Duan et al., 2023"	Fine-mapping
4	99119501	A	G	0.00234	"Duan et al., 2023"	Fine-mapping
4	99119502	C	T	8.08e-06	"Duan et al., 2023"	Fine-mapping
6	34653693	A	G	0.000588	"Duan et al., 2023"	Fine-mapping
6	34741124	A	G	7.19e-08	"Duan et al., 2023"	Fine-mapping
6	34688945	A	G	6.93e-07	"Duan et al., 2023"	Fine-mapping
6	34729602	C	T	0.0052	"Duan et al., 2023"	Fine-mapping
6	34745723	A	G	0.000471	"Duan et al., 2023"	Fine-mapping
4	99109203	A	G	3.51e-07	"Duan et al., 2023"	Fine-mapping
18	49647940	C	T	1.92e-38	"Duan et al., 2023"	Fine-mapping
19	51808910	A	G	0.00185	"Duan et al., 2023"	Fine-mapping
2	65065436	T	G	4.31e-47	"Duan et al., 2023"	Fine-mapping
2	226252982	C	G	7.29e-05	"Duan et al., 2023"	Fine-mapping
6	28937746	A	G	7.86e-08	"Duan et al., 2023"	Fine-mapping
1	26746275	A	T	0.000274	"Duan et al., 2023"	Fine-mapping
1	26947604	A	G	1.23e-13	"Duan et al., 2023"	Fine-mapping
4	87093601	A	G	1.14e-05	"Duan et al., 2023"	Fine-mapping
7	12210776	A	G	1.08e-05	"Duan et al., 2023"	Fine-mapping
12	57454856	A	G	0.00477	"Duan et al., 2023"	Fine-mapping
6	109251208	A	G	0.00111	"Duan et al., 2023"	Fine-mapping
3	12355346	A	G	0.000792	"Duan et al., 2023"	Fine-mapping
9	104879930	C	T	2.9e-05	"Duan et al., 2023"	Fine-mapping
11	78354913	T	G	2.09e-07	"Duan et al., 2023"	Fine-mapping
8	125487636	A	G	2.31e-76	"Duan et al., 2023"	Fine-mapping
20	45909845	T	G	1.93e-06	"Duan et al., 2023"	Fine-mapping
17	17529430	A	G	1.65e-42	"Duan et al., 2023"	Fine-mapping
1	39552837	C	T	1.11e-07	"Duan et al., 2023"	Fine-mapping
5	73674813	C	T	0.00181	"Duan et al., 2023"	Fine-mapping
9	15289580	C	T	3.45e-06	"Duan et al., 2023"	Fine-mapping
19	7223774	C	T	1.02e-15	"Duan et al., 2023"	Fine-mapping
11	48599216	C	T	0.0022	"Duan et al., 2023"	Fine-mapping
12	123939053	C	G	0.000369	"Duan et al., 2023"	Fine-mapping
17	78392121	A	G	2.14e-08	"Duan et al., 2023"	Fine-mapping
10	45526557	A	G	8.07e-11	"Duan et al., 2023"	Fine-mapping
22	21625968	A	G	0.00272	"Duan et al., 2023"	Fine-mapping
14	106403601	A	G	0.000268	"Duan et al., 2023"	Fine-mapping
6	109319487	A	C	0.00125	"Duan et al., 2023"	Fine-mapping
20	25393563	A	C	1.76e-06	"Duan et al., 2023"	Fine-mapping
20	31560296	C	T	0.00106	"Duan et al., 2023"	Fine-mapping
20	31605268	A	C	0.000453	"Duan et al., 2023"	Fine-mapping
20	25336720	C	T	2.04e-15	"Duan et al., 2023"	Fine-mapping
20	31523837	C	T	1.52e-51	"Duan et al., 2023"	Fine-mapping
20	25461300	A	G	0.000752	"Duan et al., 2023"	Fine-mapping
2	218607602	A	G	0.00509	"Duan et al., 2023"	Fine-mapping
20	25527369	A	G	0.000459	"Duan et al., 2023"	Fine-mapping
20	25569736	A	G	0.000607	"Duan et al., 2023"	Fine-mapping
20	31544163	C	T	4.36e-10	"Duan et al., 2023"	Fine-mapping
15	63499029	A	G	0.000334	"Duan et al., 2023"	Fine-mapping
16	68209583	T	G	0.00363	"Duan et al., 2023"	Fine-mapping
18	23521492	A	C	0.000361	"Duan et al., 2023"	Fine-mapping
4	99121091	A	G	1.76e-06	"Duan et al., 2023"	Fine-mapping
11	65692615	C	G	0.000201	"Duan et al., 2023"	Fine-mapping
1	203539046	C	T	2.21e-05	"Duan et al., 2023"	Fine-mapping
9	15298668	C	T	1.19e-13	"Duan et al., 2023"	Fine-mapping
5	73630689	A	G	9.84e-09	"Duan et al., 2023"	Fine-mapping
6	34715858	A	G	0.00132	"Duan et al., 2023"	Fine-mapping
8	143331560	A	G	1.56e-10	"Duan et al., 2023"	Fine-mapping
16	68035513	A	G	0.00144	"Duan et al., 2023"	Fine-mapping
17	59906904	T	G	6.44e-18	"Duan et al., 2023"	Fine-mapping
18	49648519	T	G	2.16e-14	"Duan et al., 2023"	Fine-mapping
1	39262975	C	G	9.49e-54	"Duan et al., 2023"	Fine-mapping
20	31574892	A	G	6.34e-05	"Duan et al., 2023"	Fine-mapping
5	133064067	A	G	0.00333	"Duan et al., 2023"	Fine-mapping
17	67857535	C	T	0.00236	"Duan et al., 2023"	Fine-mapping
11	48583068	C	G	0.00366	"Duan et al., 2023"	Fine-mapping
16	68131046	A	G	0.000151	"Duan et al., 2023"	Fine-mapping
10	102186723	C	G	2.89e-05	"Duan et al., 2023"	Fine-mapping
2	66430807	C	T	0.00513	"Duan et al., 2023"	Fine-mapping
2	110875340	A	G	2.83e-10	"Duan et al., 2023"	Fine-mapping
5	133052376	T	G	0.000469	"Duan et al., 2023"	Fine-mapping
5	173854682	C	T	0.0031	"Duan et al., 2023"	Fine-mapping
8	22654555	C	T	6.25e-05	"Duan et al., 2023"	Fine-mapping
1	149935365	C	T	0.00152	"Duan et al., 2023"	Fine-mapping
11	46912709	C	G	2.79e-08	"Duan et al., 2023"	Fine-mapping
16	68109695	T	G	0.00429	"Duan et al., 2023"	Fine-mapping
16	67897923	C	T	2.1e-77	"Duan et al., 2023"	Fine-mapping
12	124775721	A	G	0.00102	"Duan et al., 2023"	Fine-mapping
6	29965032	C	T	2.23e-22	"Duan et al., 2023"	Fine-mapping
6	29981270	C	T	0.00349	"Duan et al., 2023"	Fine-mapping
6	30013601	C	T	0.0012	"Duan et al., 2023"	Fine-mapping
6	30051877	C	T	1.52e-06	"Duan et al., 2023"	Fine-mapping
6	30080060	A	G	0.00509	"Duan et al., 2023"	Fine-mapping
6	34751397	A	G	0.00125	"Duan et al., 2023"	Fine-mapping
2	226197364	A	G	0.000865	"Duan et al., 2023"	Fine-mapping
3	49865111	A	G	1.96e-09	"Duan et al., 2023"	Fine-mapping
3	11447165	C	T	0.00471	"Duan et al., 2023"	Fine-mapping
3	123354036	A	C	1.58e-24	"Duan et al., 2023"	Fine-mapping
8	115607129	C	T	0.000144	"Duan et al., 2023"	Fine-mapping