4	99134649	C	T	0.000904827	"Duan et al., 2023"	Fine-mapping
8	22680913	C	T	1.22766e-06	"Duan et al., 2023"	Fine-mapping
8	10783642	A	G	4.33168e-06	"Duan et al., 2023"	Fine-mapping
2	218650036	A	G	0.002758909	"Duan et al., 2023"	Fine-mapping
2	164656581	C	T	0.006142035	"Duan et al., 2023"	Fine-mapping
15	39172551	A	C	0.002984069	"Duan et al., 2023"	Fine-mapping
19	8387995	C	T	0.000115082	"Duan et al., 2023"	Fine-mapping
5	133048367	A	G	0.003830493	"Duan et al., 2023"	Fine-mapping
16	68093375	A	G	0.006708215	"Duan et al., 2023"	Fine-mapping
3	47281291	A	G	7.30994e-05	"Duan et al., 2023"	Fine-mapping
11	48509672	A	T	0.000376649	"Duan et al., 2023"	Fine-mapping
10	112189906	C	T	0.003951898	"Duan et al., 2023"	Fine-mapping
1	39229483	A	G	0.000209494	"Duan et al., 2023"	Fine-mapping
11	113411947	A	C	0.013610722	"Duan et al., 2023"	Fine-mapping
11	113418460	C	T	0.010766985	"Duan et al., 2023"	Fine-mapping
1	178544760	T	G	3.66294e-06	"Duan et al., 2023"	Fine-mapping
5	73668401	A	G	0.011800234	"Duan et al., 2023"	Fine-mapping
11	47253513	A	G	4.98794e-06	"Duan et al., 2023"	Fine-mapping
11	48478756	A	C	0.005840096	"Duan et al., 2023"	Fine-mapping
11	48568171	C	G	4.95333e-05	"Duan et al., 2023"	Fine-mapping
3	12311699	C	G	0.000393469	"Duan et al., 2023"	Fine-mapping
1	62689678	A	G	0.000371833	"Duan et al., 2023"	Fine-mapping
11	78284097	T	G	0.006790841	"Duan et al., 2023"	Fine-mapping
11	78307267	C	T	0.001821117	"Duan et al., 2023"	Fine-mapping
11	78341058	A	T	0.016920005	"Duan et al., 2023"	Fine-mapping
11	78341493	A	G	0.009073784	"Duan et al., 2023"	Fine-mapping
6	85841068	C	T	0.013125706	"Duan et al., 2023"	Fine-mapping
11	48516751	A	C	0.002300629	"Duan et al., 2023"	Fine-mapping
11	48596754	A	G	0.006005003	"Duan et al., 2023"	Fine-mapping
11	48598859	C	T	0.00020481	"Duan et al., 2023"	Fine-mapping
12	123994784	C	T	0.010914524	"Duan et al., 2023"	Fine-mapping
17	47624914	C	T	0.001670622	"Duan et al., 2023"	Fine-mapping
16	68059235	A	T	0.000492782	"Duan et al., 2023"	Fine-mapping
3	12339666	C	T	0.006342874	"Duan et al., 2023"	Fine-mapping
3	46959116	C	T	0.003707215	"Duan et al., 2023"	Fine-mapping
20	45928835	C	T	0.000894546	"Duan et al., 2023"	Fine-mapping
1	93164953	C	T	1.83839e-07	"Duan et al., 2023"	Fine-mapping
1	39268061	A	G	0.011625192	"Duan et al., 2023"	Fine-mapping
11	65686529	A	G	0.001624211	"Duan et al., 2023"	Fine-mapping
11	78339803	A	T	3.98758e-05	"Duan et al., 2023"	Fine-mapping
11	78345227	A	C	0.012873902	"Duan et al., 2023"	Fine-mapping
10	8544010	C	T	0.015425777	"Duan et al., 2023"	Fine-mapping
1	156752632	C	G	0.001411214	"Duan et al., 2023"	Fine-mapping
20	31552078	T	G	0.000295912	"Duan et al., 2023"	Fine-mapping
4	99097341	C	G	5.40697e-09	"Duan et al., 2023"	Fine-mapping
12	14387245	A	C	6.98606e-05	"Duan et al., 2023"	Fine-mapping
11	48530818	A	G	0.001199947	"Duan et al., 2023"	Fine-mapping
11	54868958	C	T	0.000643076	"Duan et al., 2023"	Fine-mapping
4	99087181	C	G	0.000276809	"Duan et al., 2023"	Fine-mapping
11	78300107	A	G	0.006859513	"Duan et al., 2023"	Fine-mapping
11	65784177	A	G	0.000124366	"Duan et al., 2023"	Fine-mapping
1	11811671	C	T	0.000987873	"Duan et al., 2023"	Fine-mapping
17	39659646	A	G	6.85779e-11	"Duan et al., 2023"	Fine-mapping
1	62530375	C	G	0.005107257	"Duan et al., 2023"	Fine-mapping
20	25260709	C	G	0.005954538	"Duan et al., 2023"	Fine-mapping
3	47533447	A	G	0.002487373	"Duan et al., 2023"	Fine-mapping
3	52893044	C	T	0.015567106	"Duan et al., 2023"	Fine-mapping
6	34840117	T	G	4.85259e-06	"Duan et al., 2023"	Fine-mapping
7	6425157	A	G	0.000205913	"Duan et al., 2023"	Fine-mapping
17	67844694	C	T	3.49999e-05	"Duan et al., 2023"	Fine-mapping
17	67844693	T	G	0.000475279	"Duan et al., 2023"	Fine-mapping
3	47220756	A	C	3.45317e-07	"Duan et al., 2023"	Fine-mapping
3	171000207	A	G	0.001585343	"Duan et al., 2023"	Fine-mapping
1	219461038	A	G	0.008427299	"Duan et al., 2023"	Fine-mapping
1	219461211	T	G	0.000160266	"Duan et al., 2023"	Fine-mapping
1	156736030	C	T	0.011022371	"Duan et al., 2023"	Fine-mapping
10	63561704	C	T	0.000105947	"Duan et al., 2023"	Fine-mapping
11	78392254	A	G	2.0062e-07	"Duan et al., 2023"	Fine-mapping
11	13344041	C	T	1.71556e-05	"Duan et al., 2023"	Fine-mapping
11	78392856	A	C	0.005114237	"Duan et al., 2023"	Fine-mapping
12	124008063	T	G	0.000463108	"Duan et al., 2023"	Fine-mapping
12	123997709	C	T	0.000837166	"Duan et al., 2023"	Fine-mapping
11	48838031	A	C	0.015423058	"Duan et al., 2023"	Fine-mapping
1	219461925	T	G	3.43661e-05	"Duan et al., 2023"	Fine-mapping
17	67942959	A	G	0.000849387	"Duan et al., 2023"	Fine-mapping
3	171000464	A	G	0.004104058	"Duan et al., 2023"	Fine-mapping
3	47193617	A	G	2.81693e-09	"Duan et al., 2023"	Fine-mapping
3	12238417	C	T	0.006270316	"Duan et al., 2023"	Fine-mapping
3	170967089	A	G	0.011167395	"Duan et al., 2023"	Fine-mapping
7	6437284	C	T	0.000744235	"Duan et al., 2023"	Fine-mapping
16	68171151	A	G	1.33198e-09	"Duan et al., 2023"	Fine-mapping
3	120049399	T	G	0.002519908	"Duan et al., 2023"	Fine-mapping
3	142936448	A	G	1.54249e-08	"Duan et al., 2023"	Fine-mapping
4	105155592	A	G	1.28044e-05	"Duan et al., 2023"	Fine-mapping
16	11365353	C	G	0.002908516	"Duan et al., 2023"	Fine-mapping
1	26712737	C	T	0.001248204	"Duan et al., 2023"	Fine-mapping
1	26895118	A	G	1.3614e-06	"Duan et al., 2023"	Fine-mapping
1	26811902	C	T	0.014735806	"Duan et al., 2023"	Fine-mapping
1	26831853	C	T	5.99371e-09	"Duan et al., 2023"	Fine-mapping
1	50416487	T	G	0.001997787	"Duan et al., 2023"	Fine-mapping
11	48533641	C	G	6.02366e-09	"Duan et al., 2023"	Fine-mapping
12	123992052	A	T	0.004850416	"Duan et al., 2023"	Fine-mapping
12	124010656	C	G	0.001485634	"Duan et al., 2023"	Fine-mapping
17	59857634	A	G	0.012262952	"Duan et al., 2023"	Fine-mapping
17	543314	C	T	0.007874164	"Duan et al., 2023"	Fine-mapping
17	583389	T	G	0.000812488	"Duan et al., 2023"	Fine-mapping
17	78374476	C	T	0.000114579	"Duan et al., 2023"	Fine-mapping
19	3414090	A	G	0.000217966	"Duan et al., 2023"	Fine-mapping
3	52337773	T	G	1.70145e-07	"Duan et al., 2023"	Fine-mapping
3	49987595	A	G	1.66772e-06	"Duan et al., 2023"	Fine-mapping
3	47097218	A	G	0.000604772	"Duan et al., 2023"	Fine-mapping
22	21566614	A	G	0.008848404	"Duan et al., 2023"	Fine-mapping
6	28318208	A	G	6.77423e-05	"Duan et al., 2023"	Fine-mapping
6	28201463	A	G	0.008608916	"Duan et al., 2023"	Fine-mapping
6	28390232	A	T	0.002918773	"Duan et al., 2023"	Fine-mapping
7	73611645	A	G	1.81703e-06	"Duan et al., 2023"	Fine-mapping
8	70105203	A	G	0.000456758	"Duan et al., 2023"	Fine-mapping
22	38149935	C	T	0.002999848	"Duan et al., 2023"	Fine-mapping
22	38174182	A	G	0.007564342	"Duan et al., 2023"	Fine-mapping
22	38176519	C	G	5.11077e-10	"Duan et al., 2023"	Fine-mapping
22	38176575	C	T	4.50754e-09	"Duan et al., 2023"	Fine-mapping
3	157077679	A	G	3.36373e-17	"Duan et al., 2023"	Fine-mapping
16	67780249	A	C	0.000161027	"Duan et al., 2023"	Fine-mapping
1	93179625	C	T	0.007964952	"Duan et al., 2023"	Fine-mapping
3	12316993	A	G	0.012785505	"Duan et al., 2023"	Fine-mapping
2	218673296	T	G	0.005407975	"Duan et al., 2023"	Fine-mapping
20	45931109	T	G	0.000793963	"Duan et al., 2023"	Fine-mapping
2	226218695	A	G	0.000283129	"Duan et al., 2023"	Fine-mapping
1	11811657	C	T	2.05259e-05	"Duan et al., 2023"	Fine-mapping
14	106400885	A	G	2.84961e-05	"Duan et al., 2023"	Fine-mapping
4	156723644	C	T	9.84991e-07	"Duan et al., 2023"	Fine-mapping
3	172516227	A	G	0.008186038	"Duan et al., 2023"	Fine-mapping
5	158573827	C	T	1.01954e-05	"Duan et al., 2023"	Fine-mapping
19	11504830	C	T	0.000648102	"Duan et al., 2023"	Fine-mapping
8	142722993	A	C	0.000486208	"Duan et al., 2023"	Fine-mapping
1	11813439	A	G	0.015061622	"Duan et al., 2023"	Fine-mapping
15	42157982	A	T	0.008589609	"Duan et al., 2023"	Fine-mapping
11	65690280	A	G	0.000653354	"Duan et al., 2023"	Fine-mapping
19	11532262	A	G	9.0205e-06	"Duan et al., 2023"	Fine-mapping
6	30082102	C	T	0.01058871	"Duan et al., 2023"	Fine-mapping
2	226276271	A	G	0.002406805	"Duan et al., 2023"	Fine-mapping
16	56971389	C	T	0.000196223	"Duan et al., 2023"	Fine-mapping
1	93339395	A	G	2.89777e-06	"Duan et al., 2023"	Fine-mapping
6	34816594	C	T	0.001014964	"Duan et al., 2023"	Fine-mapping
8	58474778	C	T	0.001034644	"Duan et al., 2023"	Fine-mapping
5	141990892	C	T	0.000415884	"Duan et al., 2023"	Fine-mapping
20	45972654	A	G	0.001321752	"Duan et al., 2023"	Fine-mapping
19	11317859	A	C	4.18024e-05	"Duan et al., 2023"	Fine-mapping
10	121158752	A	C	4.10534e-06	"Duan et al., 2023"	Fine-mapping
7	73490480	C	T	0.009476556	"Duan et al., 2023"	Fine-mapping
19	19551411	C	T	0.000157667	"Duan et al., 2023"	Fine-mapping
4	99135869	A	G	0.004959348	"Duan et al., 2023"	Fine-mapping
8	11845911	C	T	0.004199347	"Duan et al., 2023"	Fine-mapping
8	11847388	C	T	0.000177006	"Duan et al., 2023"	Fine-mapping
3	47353645	C	T	0.017255126	"Duan et al., 2023"	Fine-mapping
11	61776489	C	T	0.006569379	"Duan et al., 2023"	Fine-mapping
11	61811991	A	G	0.001199494	"Duan et al., 2023"	Fine-mapping
11	61812288	C	T	0.000216836	"Duan et al., 2023"	Fine-mapping
11	61815236	C	T	0.000194884	"Duan et al., 2023"	Fine-mapping
11	61824890	A	G	0.000335348	"Duan et al., 2023"	Fine-mapping
1	109960674	C	T	0.001960322	"Duan et al., 2023"	Fine-mapping
17	43802176	A	G	0.002385818	"Duan et al., 2023"	Fine-mapping
4	99104947	C	T	0.011463243	"Duan et al., 2023"	Fine-mapping
8	22613197	A	G	1.91927e-11	"Duan et al., 2023"	Fine-mapping
20	25311190	A	G	1.16958e-08	"Duan et al., 2023"	Fine-mapping
4	99149816	A	G	4.05192e-08	"Duan et al., 2023"	Fine-mapping
8	125466402	A	G	2.80465e-05	"Duan et al., 2023"	Fine-mapping
10	100266802	C	G	0.002868608	"Duan et al., 2023"	Fine-mapping
19	8374818	C	T	1.62094e-08	"Duan et al., 2023"	Fine-mapping
11	116791110	C	T	1.13335e-05	"Duan et al., 2023"	Fine-mapping
11	113418344	C	T	0.003136345	"Duan et al., 2023"	Fine-mapping
8	58476006	C	T	0.002226649	"Duan et al., 2023"	Fine-mapping
3	47452813	A	G	0.000686108	"Duan et al., 2023"	Fine-mapping
16	68082115	T	G	1.42595e-07	"Duan et al., 2023"	Fine-mapping
5	73624062	A	G	0.000342112	"Duan et al., 2023"	Fine-mapping
2	226230443	C	T	0.014876202	"Duan et al., 2023"	Fine-mapping
1	214791758	C	T	0.006032984	"Duan et al., 2023"	Fine-mapping
9	33800408	A	G	0.010584135	"Duan et al., 2023"	Fine-mapping
2	102018685	A	T	0.012965296	"Duan et al., 2023"	Fine-mapping
6	31297713	C	T	0.001717892	"Duan et al., 2023"	Fine-mapping
3	49966776	A	G	0.007831408	"Duan et al., 2023"	Fine-mapping
20	25293682	C	T	1.72048e-05	"Duan et al., 2023"	Fine-mapping
20	25296044	C	G	4.37604e-21	"Duan et al., 2023"	Fine-mapping
20	25275630	T	G	1.1334e-07	"Duan et al., 2023"	Fine-mapping
2	102011506	A	G	0.000576741	"Duan et al., 2023"	Fine-mapping
15	72784861	A	G	0.000207247	"Duan et al., 2023"	Fine-mapping
4	87067388	C	T	1.85397e-05	"Duan et al., 2023"	Fine-mapping
4	88790698	C	T	0.00751535	"Duan et al., 2023"	Fine-mapping
2	218680586	C	T	0.000534088	"Duan et al., 2023"	Fine-mapping
2	218693015	A	G	0.000162852	"Duan et al., 2023"	Fine-mapping
11	46890230	C	G	0.003269015	"Duan et al., 2023"	Fine-mapping
17	47363019	C	T	0.001093269	"Duan et al., 2023"	Fine-mapping
20	31580833	A	G	0.004205394	"Duan et al., 2023"	Fine-mapping
10	63555211	A	G	0.004932919	"Duan et al., 2023"	Fine-mapping
2	226268813	A	T	0.014380529	"Duan et al., 2023"	Fine-mapping
8	11219126	T	G	3.90583e-05	"Duan et al., 2023"	Fine-mapping
16	68211482	A	G	1.16497e-06	"Duan et al., 2023"	Fine-mapping
18	23547946	C	T	0.00237021	"Duan et al., 2023"	Fine-mapping
11	78232411	T	G	0.000236574	"Duan et al., 2023"	Fine-mapping
11	113427617	C	T	0.000892197	"Duan et al., 2023"	Fine-mapping
20	25265517	A	G	0.00040524	"Duan et al., 2023"	Fine-mapping
1	39188322	C	T	0.008267333	"Duan et al., 2023"	Fine-mapping
6	34737753	A	C	3.89719e-08	"Duan et al., 2023"	Fine-mapping
20	25309876	A	C	0.006338054	"Duan et al., 2023"	Fine-mapping
20	25315699	A	G	4.78841e-05	"Duan et al., 2023"	Fine-mapping
11	78255053	A	G	0.00141849	"Duan et al., 2023"	Fine-mapping
11	78271450	A	C	2.7025e-06	"Duan et al., 2023"	Fine-mapping
11	78260422	C	T	0.005194605	"Duan et al., 2023"	Fine-mapping
11	78260901	C	T	5.57241e-07	"Duan et al., 2023"	Fine-mapping
11	78261415	T	G	1.20564e-07	"Duan et al., 2023"	Fine-mapping
5	141984544	T	G	2.18256e-05	"Duan et al., 2023"	Fine-mapping
5	142002907	A	G	0.000141418	"Duan et al., 2023"	Fine-mapping
5	141965627	C	T	0.000272168	"Duan et al., 2023"	Fine-mapping
16	67983453	A	G	0.012339463	"Duan et al., 2023"	Fine-mapping
9	83957660	T	G	0.003546039	"Duan et al., 2023"	Fine-mapping
4	99102793	C	T	0.000770718	"Duan et al., 2023"	Fine-mapping
4	99109432	A	G	0.00873501	"Duan et al., 2023"	Fine-mapping
4	99117531	T	G	3.73906e-08	"Duan et al., 2023"	Fine-mapping
4	99117881	C	G	0.000928115	"Duan et al., 2023"	Fine-mapping
4	99119501	A	G	1.59538e-07	"Duan et al., 2023"	Fine-mapping
4	99119502	C	T	3.42997e-05	"Duan et al., 2023"	Fine-mapping
1	150979001	C	T	0.01528815	"Duan et al., 2023"	Fine-mapping
2	218669171	C	T	0.000756383	"Duan et al., 2023"	Fine-mapping
2	218678554	A	G	0.001703487	"Duan et al., 2023"	Fine-mapping
2	65062815	C	T	0.000139604	"Duan et al., 2023"	Fine-mapping
6	34580429	A	T	0.003409372	"Duan et al., 2023"	Fine-mapping
6	34653693	A	G	1.26005e-06	"Duan et al., 2023"	Fine-mapping
6	34621855	C	T	0.00133003	"Duan et al., 2023"	Fine-mapping
15	39154010	A	G	0.009473847	"Duan et al., 2023"	Fine-mapping
6	34741124	A	G	0.001661031	"Duan et al., 2023"	Fine-mapping
5	56506592	C	T	0.003257497	"Duan et al., 2023"	Fine-mapping
6	127116472	C	T	0.005990242	"Duan et al., 2023"	Fine-mapping
6	34688945	A	G	0.001507374	"Duan et al., 2023"	Fine-mapping
6	34731193	T	G	0.003805929	"Duan et al., 2023"	Fine-mapping
6	34745723	A	G	0.005705566	"Duan et al., 2023"	Fine-mapping
6	34599198	C	T	3.79305e-09	"Duan et al., 2023"	Fine-mapping
6	34652376	A	T	0.001587327	"Duan et al., 2023"	Fine-mapping
6	34666576	A	G	0.015221814	"Duan et al., 2023"	Fine-mapping
6	34668491	C	T	0.004188841	"Duan et al., 2023"	Fine-mapping
1	219500363	A	G	4.20365e-06	"Duan et al., 2023"	Fine-mapping
21	34968099	A	G	6.60831e-06	"Duan et al., 2023"	Fine-mapping
21	39094373	T	G	8.54913e-05	"Duan et al., 2023"	Fine-mapping
4	99122501	A	G	0.008453646	"Duan et al., 2023"	Fine-mapping
4	99099795	C	T	0.00014554	"Duan et al., 2023"	Fine-mapping
18	49647888	A	G	3.15002e-06	"Duan et al., 2023"	Fine-mapping
15	63104839	C	T	0.014327959	"Duan et al., 2023"	Fine-mapping
18	49647940	C	T	2.35864e-09	"Duan et al., 2023"	Fine-mapping
2	65065436	T	G	4.01423e-16	"Duan et al., 2023"	Fine-mapping
8	6731922	C	G	8.86836e-12	"Duan et al., 2023"	Fine-mapping
8	8506387	C	T	0.000687683	"Duan et al., 2023"	Fine-mapping
15	43960289	A	G	0.001884873	"Duan et al., 2023"	Fine-mapping
2	226240975	C	G	3.48396e-06	"Duan et al., 2023"	Fine-mapping
2	226258723	C	T	0.004793773	"Duan et al., 2023"	Fine-mapping
3	47334465	A	G	0.007692605	"Duan et al., 2023"	Fine-mapping
3	47326520	C	T	4.94834e-07	"Duan et al., 2023"	Fine-mapping
19	8404854	C	T	7.36138e-05	"Duan et al., 2023"	Fine-mapping
2	226252982	C	G	0.001898726	"Duan et al., 2023"	Fine-mapping
2	226289468	A	G	0.017113267	"Duan et al., 2023"	Fine-mapping
20	25352270	A	G	6.78653e-05	"Duan et al., 2023"	Fine-mapping
20	25322743	C	G	0.000680706	"Duan et al., 2023"	Fine-mapping
18	23496800	T	G	0.00032248	"Duan et al., 2023"	Fine-mapping
6	28980315	T	G	0.005992903	"Duan et al., 2023"	Fine-mapping
6	29009440	C	G	0.002989628	"Duan et al., 2023"	Fine-mapping
6	29013742	C	G	1.53169e-09	"Duan et al., 2023"	Fine-mapping
6	29016110	A	G	1.49385e-05	"Duan et al., 2023"	Fine-mapping
6	28953195	A	G	0.014337463	"Duan et al., 2023"	Fine-mapping
6	28883795	C	T	0.003757893	"Duan et al., 2023"	Fine-mapping
6	28870852	C	T	3.76876e-15	"Duan et al., 2023"	Fine-mapping
11	46736740	A	G	0.006701134	"Duan et al., 2023"	Fine-mapping
8	19962025	T	G	0.001604072	"Duan et al., 2023"	Fine-mapping
1	213989726	C	T	0.00049492	"Duan et al., 2023"	Fine-mapping
17	577398	C	G	0.000208364	"Duan et al., 2023"	Fine-mapping
17	608267	A	G	0.007808267	"Duan et al., 2023"	Fine-mapping
1	26899598	A	G	0.000314068	"Duan et al., 2023"	Fine-mapping
7	73629335	C	T	0.006683612	"Duan et al., 2023"	Fine-mapping
17	577229	A	C	0.000108449	"Duan et al., 2023"	Fine-mapping
1	26861390	T	G	0.002872057	"Duan et al., 2023"	Fine-mapping
1	26699449	C	G	0.000152369	"Duan et al., 2023"	Fine-mapping
7	73562919	C	T	0.001728913	"Duan et al., 2023"	Fine-mapping
20	25387737	A	G	0.000458299	"Duan et al., 2023"	Fine-mapping
6	28314117	A	G	0.006284782	"Duan et al., 2023"	Fine-mapping
1	26750763	A	T	0.01159383	"Duan et al., 2023"	Fine-mapping
1	26759736	C	G	0.003573209	"Duan et al., 2023"	Fine-mapping
1	26726121	C	T	5.27438e-06	"Duan et al., 2023"	Fine-mapping
16	68061546	C	T	0.010471769	"Duan et al., 2023"	Fine-mapping
1	26813658	A	G	0.000650917	"Duan et al., 2023"	Fine-mapping
6	28223510	T	G	0.001183054	"Duan et al., 2023"	Fine-mapping
11	47254331	C	G	1.83877e-09	"Duan et al., 2023"	Fine-mapping
15	72687160	C	G	0.015071267	"Duan et al., 2023"	Fine-mapping
1	26934948	C	T	1.77655e-07	"Duan et al., 2023"	Fine-mapping
11	48546708	C	T	1.50854e-10	"Duan et al., 2023"	Fine-mapping
5	141997857	C	T	0.002374159	"Duan et al., 2023"	Fine-mapping
6	29966177	A	G	0.000930927	"Duan et al., 2023"	Fine-mapping
6	30006211	C	G	1.1114e-06	"Duan et al., 2023"	Fine-mapping
20	35131380	A	G	2.67827e-06	"Duan et al., 2023"	Fine-mapping
7	6436606	C	T	0.006222296	"Duan et al., 2023"	Fine-mapping
6	30060700	C	T	0.007027767	"Duan et al., 2023"	Fine-mapping
20	25407434	A	G	0.000768955	"Duan et al., 2023"	Fine-mapping
5	141994861	C	T	0.000350485	"Duan et al., 2023"	Fine-mapping
3	49999690	C	G	0.014505983	"Duan et al., 2023"	Fine-mapping
4	87093601	A	G	0.000379924	"Duan et al., 2023"	Fine-mapping
8	115560796	C	T	0.000192253	"Duan et al., 2023"	Fine-mapping
5	141998571	T	G	0.004239248	"Duan et al., 2023"	Fine-mapping
6	34695821	C	T	0.005016192	"Duan et al., 2023"	Fine-mapping
7	12210752	A	G	0.002311668	"Duan et al., 2023"	Fine-mapping
3	155829485	C	T	8.58081e-05	"Duan et al., 2023"	Fine-mapping
19	54288915	T	G	3.58386e-05	"Duan et al., 2023"	Fine-mapping
6	109251208	A	G	0.012634549	"Duan et al., 2023"	Fine-mapping
5	56500492	C	T	0.001853671	"Duan et al., 2023"	Fine-mapping
20	25467260	A	G	3.90873e-09	"Duan et al., 2023"	Fine-mapping
3	12355346	A	G	1.26686e-06	"Duan et al., 2023"	Fine-mapping
17	47678588	C	T	0.006922969	"Duan et al., 2023"	Fine-mapping
20	25487495	C	G	0.000155938	"Duan et al., 2023"	Fine-mapping
11	78354913	T	G	0.006958616	"Duan et al., 2023"	Fine-mapping
19	8392270	C	T	0.005094929	"Duan et al., 2023"	Fine-mapping
20	45909845	T	G	5.81269e-05	"Duan et al., 2023"	Fine-mapping
8	20011460	C	T	0.002781335	"Duan et al., 2023"	Fine-mapping
6	34801988	C	T	0.001612627	"Duan et al., 2023"	Fine-mapping
20	25459957	A	G	0.008792269	"Duan et al., 2023"	Fine-mapping
20	25458292	C	G	0.000538422	"Duan et al., 2023"	Fine-mapping
11	65715356	C	T	0.017300468	"Duan et al., 2023"	Fine-mapping
17	17541035	A	C	0.000987461	"Duan et al., 2023"	Fine-mapping
17	17529430	A	G	3.08779e-09	"Duan et al., 2023"	Fine-mapping
3	142943108	A	G	4.05733e-05	"Duan et al., 2023"	Fine-mapping
3	11394939	A	G	0.002795716	"Duan et al., 2023"	Fine-mapping
3	120056667	A	T	0.001945714	"Duan et al., 2023"	Fine-mapping
3	50026991	A	G	0.002021995	"Duan et al., 2023"	Fine-mapping
9	15289580	C	T	0.006322255	"Duan et al., 2023"	Fine-mapping
2	218567514	C	T	8.24871e-06	"Duan et al., 2023"	Fine-mapping
17	67979269	C	T	0.004582421	"Duan et al., 2023"	Fine-mapping
18	23546117	A	C	0.001068337	"Duan et al., 2023"	Fine-mapping
18	23585445	C	T	0.001695523	"Duan et al., 2023"	Fine-mapping
20	25311909	C	T	3.41052e-05	"Duan et al., 2023"	Fine-mapping
22	38218122	A	C	0.001474218	"Duan et al., 2023"	Fine-mapping
2	218563576	C	T	0.002212097	"Duan et al., 2023"	Fine-mapping
1	230171436	C	T	0.00511346	"Duan et al., 2023"	Fine-mapping
3	47439034	C	G	0.014503028	"Duan et al., 2023"	Fine-mapping
11	48599216	C	T	0.012380622	"Duan et al., 2023"	Fine-mapping
11	48432235	A	G	0.005991974	"Duan et al., 2023"	Fine-mapping
6	109318507	C	G	0.001208265	"Duan et al., 2023"	Fine-mapping
6	109320360	A	G	0.004108644	"Duan et al., 2023"	Fine-mapping
17	78397291	A	G	2.19372e-12	"Duan et al., 2023"	Fine-mapping
2	218599081	A	G	0.003010946	"Duan et al., 2023"	Fine-mapping
2	218572873	C	G	0.012005576	"Duan et al., 2023"	Fine-mapping
3	171027104	A	G	0.011859095	"Duan et al., 2023"	Fine-mapping
2	218471385	A	G	0.000123562	"Duan et al., 2023"	Fine-mapping
17	47503420	T	G	0.010263252	"Duan et al., 2023"	Fine-mapping
19	11533137	C	T	1.00785e-09	"Duan et al., 2023"	Fine-mapping
6	28304196	A	C	0.001325763	"Duan et al., 2023"	Fine-mapping
16	67784350	C	T	0.002534464	"Duan et al., 2023"	Fine-mapping
4	99148475	T	G	0.000436551	"Duan et al., 2023"	Fine-mapping
3	47238007	C	G	0.013199914	"Duan et al., 2023"	Fine-mapping
19	54289426	C	T	1.11688e-05	"Duan et al., 2023"	Fine-mapping
9	15295485	C	T	0.000522268	"Duan et al., 2023"	Fine-mapping
3	47369074	C	G	0.001877413	"Duan et al., 2023"	Fine-mapping
16	68208670	C	G	0.001094791	"Duan et al., 2023"	Fine-mapping
22	38186490	A	G	0.009065907	"Duan et al., 2023"	Fine-mapping
22	21576488	C	T	0.001810895	"Duan et al., 2023"	Fine-mapping
22	21589375	C	G	0.014313068	"Duan et al., 2023"	Fine-mapping
22	21620414	C	G	0.004810484	"Duan et al., 2023"	Fine-mapping
11	78283443	A	G	0.005396967	"Duan et al., 2023"	Fine-mapping
2	218536514	C	T	0.001873205	"Duan et al., 2023"	Fine-mapping
11	78319840	C	T	0.014273972	"Duan et al., 2023"	Fine-mapping
11	78325661	C	T	0.001305403	"Duan et al., 2023"	Fine-mapping
8	142742577	T	G	0.003143832	"Duan et al., 2023"	Fine-mapping
14	106403610	A	G	2.49151e-05	"Duan et al., 2023"	Fine-mapping
4	99567492	A	C	0.000162045	"Duan et al., 2023"	Fine-mapping
5	141979544	T	G	0.000261009	"Duan et al., 2023"	Fine-mapping
19	7242937	A	G	0.003285292	"Duan et al., 2023"	Fine-mapping
18	49654745	A	C	0.000858196	"Duan et al., 2023"	Fine-mapping
2	218586292	T	G	0.003521637	"Duan et al., 2023"	Fine-mapping
22	21598987	A	G	1.38251e-05	"Duan et al., 2023"	Fine-mapping
22	21587692	A	G	0.000284782	"Duan et al., 2023"	Fine-mapping
20	25366585	C	T	0.001204764	"Duan et al., 2023"	Fine-mapping
20	25483163	T	G	3.9906e-06	"Duan et al., 2023"	Fine-mapping
20	25330908	A	T	0.001695701	"Duan et al., 2023"	Fine-mapping
20	25366927	T	G	0.002138379	"Duan et al., 2023"	Fine-mapping
20	25420237	A	G	0.000620811	"Duan et al., 2023"	Fine-mapping
20	25450044	A	G	2.88194e-08	"Duan et al., 2023"	Fine-mapping
20	31559099	A	C	0.012825811	"Duan et al., 2023"	Fine-mapping
20	31509092	A	T	1.46093e-05	"Duan et al., 2023"	Fine-mapping
20	31522719	C	G	2.93722e-09	"Duan et al., 2023"	Fine-mapping
20	31559467	T	G	0.000227209	"Duan et al., 2023"	Fine-mapping
20	31599878	C	T	0.0045258	"Duan et al., 2023"	Fine-mapping
20	31605268	A	C	1.20394e-05	"Duan et al., 2023"	Fine-mapping
20	45961659	C	G	1.51539e-14	"Duan et al., 2023"	Fine-mapping
20	25363362	C	G	4.34723e-14	"Duan et al., 2023"	Fine-mapping
20	25411748	A	G	0.000389767	"Duan et al., 2023"	Fine-mapping
20	31625849	T	G	4.14089e-07	"Duan et al., 2023"	Fine-mapping
20	25253349	C	T	0.009903083	"Duan et al., 2023"	Fine-mapping
20	25248928	A	C	8.91687e-10	"Duan et al., 2023"	Fine-mapping
20	25304871	A	C	2.48165e-05	"Duan et al., 2023"	Fine-mapping
20	25392254	A	G	1.16847e-05	"Duan et al., 2023"	Fine-mapping
20	25392255	A	C	8.91032e-06	"Duan et al., 2023"	Fine-mapping
20	25527369	A	G	1.99105e-05	"Duan et al., 2023"	Fine-mapping
20	25569736	A	G	0.001678087	"Duan et al., 2023"	Fine-mapping
20	31522191	C	T	0.002665063	"Duan et al., 2023"	Fine-mapping
20	31610404	A	G	0.015181805	"Duan et al., 2023"	Fine-mapping
20	31619856	T	G	0.000193386	"Duan et al., 2023"	Fine-mapping
20	25237982	C	G	1.78994e-05	"Duan et al., 2023"	Fine-mapping
20	25454031	A	G	0.015831163	"Duan et al., 2023"	Fine-mapping
20	25235646	C	T	7.67974e-08	"Duan et al., 2023"	Fine-mapping
1	39617969	A	C	0.001233092	"Duan et al., 2023"	Fine-mapping
11	65725778	C	T	0.011219025	"Duan et al., 2023"	Fine-mapping
15	63498926	A	G	0.01682794	"Duan et al., 2023"	Fine-mapping
17	597599	A	G	8.82342e-05	"Duan et al., 2023"	Fine-mapping
19	8387729	T	G	0.00069	"Duan et al., 2023"	Fine-mapping
3	46954958	A	G	1.74963e-06	"Duan et al., 2023"	Fine-mapping
3	47522972	C	G	5.13373e-05	"Duan et al., 2023"	Fine-mapping
5	133063575	C	T	0.007931845	"Duan et al., 2023"	Fine-mapping
5	133102666	C	T	1.42621e-05	"Duan et al., 2023"	Fine-mapping
2	218544966	A	C	0.000435988	"Duan et al., 2023"	Fine-mapping
3	136554721	C	T	0.002306772	"Duan et al., 2023"	Fine-mapping
3	142941525	A	G	0.000816384	"Duan et al., 2023"	Fine-mapping
5	54002195	A	G	0.000694763	"Duan et al., 2023"	Fine-mapping
11	48564201	A	G	0.000823138	"Duan et al., 2023"	Fine-mapping
11	48570883	C	G	0.012121658	"Duan et al., 2023"	Fine-mapping
11	13339977	C	T	0.009542276	"Duan et al., 2023"	Fine-mapping
16	68071571	A	C	0.000234645	"Duan et al., 2023"	Fine-mapping
18	23521492	A	C	0.012517827	"Duan et al., 2023"	Fine-mapping
4	99121091	A	G	2.90496e-08	"Duan et al., 2023"	Fine-mapping
2	3584852	C	T	0.007349842	"Duan et al., 2023"	Fine-mapping
3	36958091	A	T	3.57999e-08	"Duan et al., 2023"	Fine-mapping
2	218619158	A	T	2.12811e-05	"Duan et al., 2023"	Fine-mapping
11	65692615	C	G	5.40859e-05	"Duan et al., 2023"	Fine-mapping
8	11174719	T	G	0.00175902	"Duan et al., 2023"	Fine-mapping
8	11222505	C	T	2.21786e-06	"Duan et al., 2023"	Fine-mapping
13	113846042	C	T	4.14107e-06	"Duan et al., 2023"	Fine-mapping
3	46983837	C	T	0.011593662	"Duan et al., 2023"	Fine-mapping
1	11783626	A	G	3.40361e-05	"Duan et al., 2023"	Fine-mapping
1	219449254	A	G	0.000151522	"Duan et al., 2023"	Fine-mapping
1	219460240	C	G	0.00031407	"Duan et al., 2023"	Fine-mapping
1	182150381	C	T	2.25667e-06	"Duan et al., 2023"	Fine-mapping
1	219458639	C	T	0.002314074	"Duan et al., 2023"	Fine-mapping
1	39160970	A	G	4.17786e-06	"Duan et al., 2023"	Fine-mapping
6	27937731	C	T	0.000138633	"Duan et al., 2023"	Fine-mapping
5	133107563	C	G	0.012870876	"Duan et al., 2023"	Fine-mapping
9	15298668	C	T	2.64838e-14	"Duan et al., 2023"	Fine-mapping
3	11467491	C	T	0.012738439	"Duan et al., 2023"	Fine-mapping
2	218514986	A	C	0.005612732	"Duan et al., 2023"	Fine-mapping
3	47431678	C	T	0.000157762	"Duan et al., 2023"	Fine-mapping
3	120006147	A	G	0.01601138	"Duan et al., 2023"	Fine-mapping
4	99097109	A	G	0.001395136	"Duan et al., 2023"	Fine-mapping
3	136237463	A	C	2.27833e-06	"Duan et al., 2023"	Fine-mapping
5	73630689	A	G	9.55509e-09	"Duan et al., 2023"	Fine-mapping
5	133072939	C	T	0.002183502	"Duan et al., 2023"	Fine-mapping
6	29999965	C	T	0.00049048	"Duan et al., 2023"	Fine-mapping
6	34775213	A	G	0.002782656	"Duan et al., 2023"	Fine-mapping
6	30024021	A	G	0.011835155	"Duan et al., 2023"	Fine-mapping
6	29999959	A	G	0.002018921	"Duan et al., 2023"	Fine-mapping
6	30047292	A	G	0.007892635	"Duan et al., 2023"	Fine-mapping
6	34815940	C	G	0.00035963	"Duan et al., 2023"	Fine-mapping
9	83935732	A	G	0.012397635	"Duan et al., 2023"	Fine-mapping
10	63144311	A	G	0.00707644	"Duan et al., 2023"	Fine-mapping
11	48524212	A	T	0.015393627	"Duan et al., 2023"	Fine-mapping
11	78391424	A	G	8.92719e-05	"Duan et al., 2023"	Fine-mapping
11	48575669	A	C	0.000649145	"Duan et al., 2023"	Fine-mapping
11	47264739	C	T	0.001546	"Duan et al., 2023"	Fine-mapping
11	48547610	C	T	0.002428657	"Duan et al., 2023"	Fine-mapping
11	27693337	C	T	0.001188689	"Duan et al., 2023"	Fine-mapping
6	28026638	A	T	0.01717774	"Duan et al., 2023"	Fine-mapping
5	141979230	T	G	0.000951726	"Duan et al., 2023"	Fine-mapping
1	26684958	A	G	0.004057371	"Duan et al., 2023"	Fine-mapping
16	68065918	T	G	4.38826e-05	"Duan et al., 2023"	Fine-mapping
16	68035513	A	G	0.001894388	"Duan et al., 2023"	Fine-mapping
16	67773243	A	G	9.93502e-06	"Duan et al., 2023"	Fine-mapping
17	47680232	A	G	6.46069e-09	"Duan et al., 2023"	Fine-mapping
18	49648519	T	G	1.12151e-09	"Duan et al., 2023"	Fine-mapping
18	22322905	C	T	2.39315e-05	"Duan et al., 2023"	Fine-mapping
1	11809796	A	G	0.000473333	"Duan et al., 2023"	Fine-mapping
1	11812927	A	G	0.005597355	"Duan et al., 2023"	Fine-mapping
1	11812995	C	T	2.12608e-05	"Duan et al., 2023"	Fine-mapping
1	39262975	C	G	0.001537416	"Duan et al., 2023"	Fine-mapping
1	150677718	C	T	0.004259938	"Duan et al., 2023"	Fine-mapping
17	43834456	T	G	0.004137311	"Duan et al., 2023"	Fine-mapping
12	123921324	A	G	6.88745e-05	"Duan et al., 2023"	Fine-mapping
12	123990609	A	G	1.27199e-05	"Duan et al., 2023"	Fine-mapping
6	36677426	C	T	0.015634532	"Duan et al., 2023"	Fine-mapping
8	142582147	A	G	0.010105945	"Duan et al., 2023"	Fine-mapping
16	68040551	C	G	0.008745937	"Duan et al., 2023"	Fine-mapping
16	68119297	A	G	0.000140834	"Duan et al., 2023"	Fine-mapping
11	48497125	C	T	2.21331e-05	"Duan et al., 2023"	Fine-mapping
1	93388629	C	G	0.00328712	"Duan et al., 2023"	Fine-mapping
17	67857535	C	T	0.000754224	"Duan et al., 2023"	Fine-mapping
11	48583068	C	G	0.004974677	"Duan et al., 2023"	Fine-mapping
11	48607662	A	T	0.004495043	"Duan et al., 2023"	Fine-mapping
16	68131046	A	G	0.00271804	"Duan et al., 2023"	Fine-mapping
2	110875340	A	G	2.48012e-08	"Duan et al., 2023"	Fine-mapping
2	145594468	A	C	0.000326265	"Duan et al., 2023"	Fine-mapping
3	142945670	C	T	1.01806e-11	"Duan et al., 2023"	Fine-mapping
3	49934081	A	C	0.002618521	"Duan et al., 2023"	Fine-mapping
3	46954952	C	T	0.000969406	"Duan et al., 2023"	Fine-mapping
3	50033330	A	C	0.015517302	"Duan et al., 2023"	Fine-mapping
3	11371146	C	G	6.46176e-05	"Duan et al., 2023"	Fine-mapping
3	11385981	A	G	9.97641e-06	"Duan et al., 2023"	Fine-mapping
5	133083282	A	T	0.001188655	"Duan et al., 2023"	Fine-mapping
16	68010894	A	C	1.70117e-05	"Duan et al., 2023"	Fine-mapping
1	39594353	A	G	0.002460422	"Duan et al., 2023"	Fine-mapping
4	88811725	C	G	0.010705525	"Duan et al., 2023"	Fine-mapping
12	123933925	C	G	7.16176e-05	"Duan et al., 2023"	Fine-mapping
6	34812024	A	C	0.012054671	"Duan et al., 2023"	Fine-mapping
6	34747618	A	T	0.000177192	"Duan et al., 2023"	Fine-mapping
8	143352459	T	G	0.000944039	"Duan et al., 2023"	Fine-mapping
7	73482065	A	C	0.000319591	"Duan et al., 2023"	Fine-mapping
1	150895626	A	C	0.001417847	"Duan et al., 2023"	Fine-mapping
8	11183138	A	G	0.015970321	"Duan et al., 2023"	Fine-mapping
8	22654555	C	T	8.28581e-07	"Duan et al., 2023"	Fine-mapping
11	65728225	C	T	4.019e-08	"Duan et al., 2023"	Fine-mapping
1	149935365	C	T	4.96369e-06	"Duan et al., 2023"	Fine-mapping
1	149935383	A	G	0.014757088	"Duan et al., 2023"	Fine-mapping
8	19969190	C	T	0.015592794	"Duan et al., 2023"	Fine-mapping
11	48563579	T	G	1.41961e-06	"Duan et al., 2023"	Fine-mapping
11	78368038	A	G	0.003594408	"Duan et al., 2023"	Fine-mapping
11	48569728	A	T	0.013968526	"Duan et al., 2023"	Fine-mapping
12	123948159	C	T	0.010886051	"Duan et al., 2023"	Fine-mapping
12	109542711	C	T	0.007449898	"Duan et al., 2023"	Fine-mapping
12	123984025	C	G	0.000165516	"Duan et al., 2023"	Fine-mapping
19	54289396	T	G	0.000590713	"Duan et al., 2023"	Fine-mapping
8	115495905	C	T	0.009780882	"Duan et al., 2023"	Fine-mapping
16	68109695	T	G	4.23682e-09	"Duan et al., 2023"	Fine-mapping
16	67897923	C	T	2.0987e-11	"Duan et al., 2023"	Fine-mapping
16	68157705	A	T	0.007936519	"Duan et al., 2023"	Fine-mapping
17	47575998	A	T	0.011396111	"Duan et al., 2023"	Fine-mapping
17	47575925	T	G	0.001031532	"Duan et al., 2023"	Fine-mapping
18	49645518	C	G	0.000705455	"Duan et al., 2023"	Fine-mapping
18	23576629	A	G	0.003545558	"Duan et al., 2023"	Fine-mapping
18	49647449	A	G	0.000581663	"Duan et al., 2023"	Fine-mapping
3	47280643	C	T	0.004118022	"Duan et al., 2023"	Fine-mapping
20	25361821	A	G	1.1236e-06	"Duan et al., 2023"	Fine-mapping
20	31589269	C	T	0.003658385	"Duan et al., 2023"	Fine-mapping
3	47347457	A	T	0.001377253	"Duan et al., 2023"	Fine-mapping
7	6434442	C	T	0.008792192	"Duan et al., 2023"	Fine-mapping
22	21627960	C	T	7.88783e-06	"Duan et al., 2023"	Fine-mapping
18	23524007	T	G	0.000454334	"Duan et al., 2023"	Fine-mapping
19	54317424	A	C	6.20318e-07	"Duan et al., 2023"	Fine-mapping
6	29767882	A	G	0.001652321	"Duan et al., 2023"	Fine-mapping
6	29812551	C	T	0.010020562	"Duan et al., 2023"	Fine-mapping
6	29869361	A	C	5.21239e-06	"Duan et al., 2023"	Fine-mapping
6	29938904	C	T	0.004760801	"Duan et al., 2023"	Fine-mapping
6	29939733	C	G	1.7114e-05	"Duan et al., 2023"	Fine-mapping
6	29963642	A	G	0.001470858	"Duan et al., 2023"	Fine-mapping
6	29965032	C	T	1.96235e-09	"Duan et al., 2023"	Fine-mapping
6	29978244	A	G	0.006178101	"Duan et al., 2023"	Fine-mapping
6	29978676	C	T	0.008633756	"Duan et al., 2023"	Fine-mapping
6	29978879	C	T	0.001142297	"Duan et al., 2023"	Fine-mapping
6	29991681	A	G	0.000975727	"Duan et al., 2023"	Fine-mapping
6	29998688	A	G	0.011961716	"Duan et al., 2023"	Fine-mapping
6	29998941	A	G	0.003142576	"Duan et al., 2023"	Fine-mapping
6	29998944	A	T	0.004094145	"Duan et al., 2023"	Fine-mapping
6	29998972	C	G	0.006847774	"Duan et al., 2023"	Fine-mapping
6	30001819	A	T	0.000136482	"Duan et al., 2023"	Fine-mapping
6	30001825	C	G	0.001405475	"Duan et al., 2023"	Fine-mapping
6	30003062	C	T	0.00021805	"Duan et al., 2023"	Fine-mapping
6	30011348	A	G	3.06516e-06	"Duan et al., 2023"	Fine-mapping
6	30013286	C	T	0.001686915	"Duan et al., 2023"	Fine-mapping
6	30013601	C	T	2.94091e-06	"Duan et al., 2023"	Fine-mapping
6	30023761	T	G	0.003282904	"Duan et al., 2023"	Fine-mapping
6	30051877	C	T	1.94172e-09	"Duan et al., 2023"	Fine-mapping
6	30079726	T	G	2.40385e-05	"Duan et al., 2023"	Fine-mapping
6	30089898	C	T	0.000560257	"Duan et al., 2023"	Fine-mapping
6	30092111	C	T	3.18281e-09	"Duan et al., 2023"	Fine-mapping
3	123345984	C	T	4.55323e-05	"Duan et al., 2023"	Fine-mapping
6	34751851	C	G	0.007943959	"Duan et al., 2023"	Fine-mapping
6	34806637	C	G	0.001193612	"Duan et al., 2023"	Fine-mapping
3	11392669	C	T	0.004743544	"Duan et al., 2023"	Fine-mapping
6	109321754	C	G	0.00123249	"Duan et al., 2023"	Fine-mapping
6	34772013	A	C	0.000224423	"Duan et al., 2023"	Fine-mapping
6	34780951	C	T	0.005117304	"Duan et al., 2023"	Fine-mapping
6	34829256	C	G	0.003803006	"Duan et al., 2023"	Fine-mapping
6	34776357	A	G	0.000424641	"Duan et al., 2023"	Fine-mapping
2	226197364	A	G	0.010746073	"Duan et al., 2023"	Fine-mapping
22	38217761	C	G	0.01405938	"Duan et al., 2023"	Fine-mapping
8	10785654	C	T	0.002181787	"Duan et al., 2023"	Fine-mapping
11	65708345	A	C	0.003627258	"Duan et al., 2023"	Fine-mapping
5	56565959	C	T	4.93894e-05	"Duan et al., 2023"	Fine-mapping
5	73646471	A	G	2.39815e-05	"Duan et al., 2023"	Fine-mapping
3	49865111	A	G	8.50175e-12	"Duan et al., 2023"	Fine-mapping
3	157077736	A	G	3.11206e-10	"Duan et al., 2023"	Fine-mapping
3	36943741	A	C	0.000567456	"Duan et al., 2023"	Fine-mapping
3	50021906	C	T	0.005029357	"Duan et al., 2023"	Fine-mapping
3	123354036	A	C	4.08754e-07	"Duan et al., 2023"	Fine-mapping
3	11422256	A	G	2.80887e-05	"Duan et al., 2023"	Fine-mapping
4	88785492	C	G	0.007864024	"Duan et al., 2023"	Fine-mapping
4	68507689	C	T	0.000295461	"Duan et al., 2023"	Fine-mapping
10	63106318	A	G	0.001900157	"Duan et al., 2023"	Fine-mapping
17	47497840	A	G	0.013354257	"Duan et al., 2023"	Fine-mapping
16	53785257	C	T	0.003447027	"Duan et al., 2023"	Fine-mapping
6	43790159	A	C	0.000667785	"Duan et al., 2023"	Fine-mapping